Data Escala de Tempo 1 GE Simp 4;cod_aneel (tb_referenciacegusina (Usina));cod_nucleoaneel (tb_referenciacegusina (Usina));Data Dica;dsc_estado;id_subsistema;nom_tipousinasite;nom_usina2;Período Exibido GE;Selecione Tipo de GE Simp 4
;*;*;;AMAZONAS;Norte;*;*;4;31269,48261368
01/01/2018 00:00:00;*;*;1/1/2018;AMAZONAS;Norte;*;*;4;18,118144
02/01/2018 00:00:00;*;*;2/1/2018;AMAZONAS;Norte;*;*;4;17,801709
03/01/2018 00:00:00;*;*;3/1/2018;AMAZONAS;Norte;*;*;4;17,267649
04/01/2018 00:00:00;*;*;4/1/2018;AMAZONAS;Norte;*;*;4;17,303115
05/01/2018 00:00:00;*;*;5/1/2018;AMAZONAS;Norte;*;*;4;17,672623
06/01/2018 00:00:00;*;*;6/1/2018;AMAZONAS;Norte;*;*;4;17,775895
07/01/2018 00:00:00;*;*;7/1/2018;AMAZONAS;Norte;*;*;4;17,588197
08/01/2018 00:00:00;*;*;8/1/2018;AMAZONAS;Norte;*;*;4;17,384383
09/01/2018 00:00:00;*;*;9/1/2018;AMAZONAS;Norte;*;*;4;17,911597
10/01/2018 00:00:00;*;*;10/1/2018;AMAZONAS;Norte;*;*;4;16,894557
11/01/2018 00:00:00;*;*;11/1/2018;AMAZONAS;Norte;*;*;4;15,025455
12/01/2018 00:00:00;*;*;12/1/2018;AMAZONAS;Norte;*;*;4;16,097915
13/01/2018 00:00:00;*;*;13/1/2018;AMAZONAS;Norte;*;*;4;16,795031
14/01/2018 00:00:00;*;*;14/1/2018;AMAZONAS;Norte;*;*;4;16,761614
15/01/2018 00:00:00;*;*;15/1/2018;AMAZONAS;Norte;*;*;4;16,86601
16/01/2018 00:00:00;*;*;16/1/2018;AMAZONAS;Norte;*;*;4;16,92725358
17/01/2018 00:00:00;*;*;17/1/2018;AMAZONAS;Norte;*;*;4;16,93435768
18/01/2018 00:00:00;*;*;18/1/2018;AMAZONAS;Norte;*;*;4;16,93213
19/01/2018 00:00:00;*;*;19/1/2018;AMAZONAS;Norte;*;*;4;17,103676
20/01/2018 00:00:00;*;*;20/1/2018;AMAZONAS;Norte;*;*;4;17,223031
21/01/2018 00:00:00;*;*;21/1/2018;AMAZONAS;Norte;*;*;4;16,43521
22/01/2018 00:00:00;*;*;22/1/2018;AMAZONAS;Norte;*;*;4;16,899951
23/01/2018 00:00:00;*;*;23/1/2018;AMAZONAS;Norte;*;*;4;17,098331
24/01/2018 00:00:00;*;*;24/1/2018;AMAZONAS;Norte;*;*;4;16,906668
25/01/2018 00:00:00;*;*;25/1/2018;AMAZONAS;Norte;*;*;4;17,198575
26/01/2018 00:00:00;*;*;26/1/2018;AMAZONAS;Norte;*;*;4;16,801573
27/01/2018 00:00:00;*;*;27/1/2018;AMAZONAS;Norte;*;*;4;17,080008
28/01/2018 00:00:00;*;*;28/1/2018;AMAZONAS;Norte;*;*;4;16,104901
29/01/2018 00:00:00;*;*;29/1/2018;AMAZONAS;Norte;*;*;4;15,721604
30/01/2018 00:00:00;*;*;30/1/2018;AMAZONAS;Norte;*;*;4;16,005248
31/01/2018 00:00:00;*;*;31/1/2018;AMAZONAS;Norte;*;*;4;16,97355
01/02/2018 00:00:00;*;*;1/2/2018;AMAZONAS;Norte;*;*;4;17,209951
02/02/2018 00:00:00;*;*;2/2/2018;AMAZONAS;Norte;*;*;4;17,094323
03/02/2018 00:00:00;*;*;3/2/2018;AMAZONAS;Norte;*;*;4;17,115822
04/02/2018 00:00:00;*;*;4/2/2018;AMAZONAS;Norte;*;*;4;16,847991
05/02/2018 00:00:00;*;*;5/2/2018;AMAZONAS;Norte;*;*;4;17,137
06/02/2018 00:00:00;*;*;6/2/2018;AMAZONAS;Norte;*;*;4;17,267496
07/02/2018 00:00:00;*;*;7/2/2018;AMAZONAS;Norte;*;*;4;16,930324
08/02/2018 00:00:00;*;*;8/2/2018;AMAZONAS;Norte;*;*;4;17,240623
09/02/2018 00:00:00;*;*;9/2/2018;AMAZONAS;Norte;*;*;4;17,266734
10/02/2018 00:00:00;*;*;10/2/2018;AMAZONAS;Norte;*;*;4;17,352393
11/02/2018 00:00:00;*;*;11/2/2018;AMAZONAS;Norte;*;*;4;17,377259
12/02/2018 00:00:00;*;*;12/2/2018;AMAZONAS;Norte;*;*;4;17,383366
13/02/2018 00:00:00;*;*;13/2/2018;AMAZONAS;Norte;*;*;4;16,788814
14/02/2018 00:00:00;*;*;14/2/2018;AMAZONAS;Norte;*;*;4;17,404238
15/02/2018 00:00:00;*;*;15/2/2018;AMAZONAS;Norte;*;*;4;17,349464
16/02/2018 00:00:00;*;*;16/2/2018;AMAZONAS;Norte;*;*;4;17,064184
17/02/2018 00:00:00;*;*;17/2/2018;AMAZONAS;Norte;*;*;4;16,401089
18/02/2018 00:00:00;*;*;18/2/2018;AMAZONAS;Norte;*;*;4;16,910439
19/02/2018 00:00:00;*;*;19/2/2018;AMAZONAS;Norte;*;*;4;17,216571
20/02/2018 00:00:00;*;*;20/2/2018;AMAZONAS;Norte;*;*;4;16,929889
21/02/2018 00:00:00;*;*;21/2/2018;AMAZONAS;Norte;*;*;4;17,113157
22/02/2018 00:00:00;*;*;22/2/2018;AMAZONAS;Norte;*;*;4;17,54334
23/02/2018 00:00:00;*;*;23/2/2018;AMAZONAS;Norte;*;*;4;16,564445
24/02/2018 00:00:00;*;*;24/2/2018;AMAZONAS;Norte;*;*;4;17,047285
25/02/2018 00:00:00;*;*;25/2/2018;AMAZONAS;Norte;*;*;4;17,341901
26/02/2018 00:00:00;*;*;26/2/2018;AMAZONAS;Norte;*;*;4;17,009171
27/02/2018 00:00:00;*;*;27/2/2018;AMAZONAS;Norte;*;*;4;16,477607
28/02/2018 00:00:00;*;*;28/2/2018;AMAZONAS;Norte;*;*;4;16,183626
01/03/2018 00:00:00;*;*;1/3/2018;AMAZONAS;Norte;*;*;4;16,844762
02/03/2018 00:00:00;*;*;2/3/2018;AMAZONAS;Norte;*;*;4;17,092079
03/03/2018 00:00:00;*;*;3/3/2018;AMAZONAS;Norte;*;*;4;16,949326
04/03/2018 00:00:00;*;*;4/3/2018;AMAZONAS;Norte;*;*;4;16,609433
05/03/2018 00:00:00;*;*;5/3/2018;AMAZONAS;Norte;*;*;4;16,516724
06/03/2018 00:00:00;*;*;6/3/2018;AMAZONAS;Norte;*;*;4;16,90902
07/03/2018 00:00:00;*;*;7/3/2018;AMAZONAS;Norte;*;*;4;16,559905
08/03/2018 00:00:00;*;*;8/3/2018;AMAZONAS;Norte;*;*;4;16,566116
09/03/2018 00:00:00;*;*;9/3/2018;AMAZONAS;Norte;*;*;4;16,395822
10/03/2018 00:00:00;*;*;10/3/2018;AMAZONAS;Norte;*;*;4;16,609704
11/03/2018 00:00:00;*;*;11/3/2018;AMAZONAS;Norte;*;*;4;16,049394
12/03/2018 00:00:00;*;*;12/3/2018;AMAZONAS;Norte;*;*;4;16,393424
13/03/2018 00:00:00;*;*;13/3/2018;AMAZONAS;Norte;*;*;4;16,604223
14/03/2018 00:00:00;*;*;14/3/2018;AMAZONAS;Norte;*;*;4;16,368982
15/03/2018 00:00:00;*;*;15/3/2018;AMAZONAS;Norte;*;*;4;16,755334
16/03/2018 00:00:00;*;*;16/3/2018;AMAZONAS;Norte;*;*;4;16,723613
17/03/2018 00:00:00;*;*;17/3/2018;AMAZONAS;Norte;*;*;4;16,945016
18/03/2018 00:00:00;*;*;18/3/2018;AMAZONAS;Norte;*;*;4;16,269927
19/03/2018 00:00:00;*;*;19/3/2018;AMAZONAS;Norte;*;*;4;16,573295
20/03/2018 00:00:00;*;*;20/3/2018;AMAZONAS;Norte;*;*;4;16,599606
21/03/2018 00:00:00;*;*;21/3/2018;AMAZONAS;Norte;*;*;4;14,785902
22/03/2018 00:00:00;*;*;22/3/2018;AMAZONAS;Norte;*;*;4;15,626558
23/03/2018 00:00:00;*;*;23/3/2018;AMAZONAS;Norte;*;*;4;16,583664
24/03/2018 00:00:00;*;*;24/3/2018;AMAZONAS;Norte;*;*;4;16,739621
25/03/2018 00:00:00;*;*;25/3/2018;AMAZONAS;Norte;*;*;4;16,756521
26/03/2018 00:00:00;*;*;26/3/2018;AMAZONAS;Norte;*;*;4;16,589447
27/03/2018 00:00:00;*;*;27/3/2018;AMAZONAS;Norte;*;*;4;16,315827
28/03/2018 00:00:00;*;*;28/3/2018;AMAZONAS;Norte;*;*;4;16,378618
29/03/2018 00:00:00;*;*;29/3/2018;AMAZONAS;Norte;*;*;4;16,34144
30/03/2018 00:00:00;*;*;30/3/2018;AMAZONAS;Norte;*;*;4;16,548542
31/03/2018 00:00:00;*;*;31/3/2018;AMAZONAS;Norte;*;*;4;16,654481
01/04/2018 00:00:00;*;*;1/4/2018;AMAZONAS;Norte;*;*;4;16,34367
02/04/2018 00:00:00;*;*;2/4/2018;AMAZONAS;Norte;*;*;4;16,456493
03/04/2018 00:00:00;*;*;3/4/2018;AMAZONAS;Norte;*;*;4;16,270401
04/04/2018 00:00:00;*;*;4/4/2018;AMAZONAS;Norte;*;*;4;16,141199
05/04/2018 00:00:00;*;*;5/4/2018;AMAZONAS;Norte;*;*;4;16,250874
06/04/2018 00:00:00;*;*;6/4/2018;AMAZONAS;Norte;*;*;4;16,399625
07/04/2018 00:00:00;*;*;7/4/2018;AMAZONAS;Norte;*;*;4;16,381041
08/04/2018 00:00:00;*;*;8/4/2018;AMAZONAS;Norte;*;*;4;15,507872
09/04/2018 00:00:00;*;*;9/4/2018;AMAZONAS;Norte;*;*;4;15,151157
10/04/2018 00:00:00;*;*;10/4/2018;AMAZONAS;Norte;*;*;4;14,317155
11/04/2018 00:00:00;*;*;11/4/2018;AMAZONAS;Norte;*;*;4;15,303259
12/04/2018 00:00:00;*;*;12/4/2018;AMAZONAS;Norte;*;*;4;15,059807
13/04/2018 00:00:00;*;*;13/4/2018;AMAZONAS;Norte;*;*;4;16,174055
14/04/2018 00:00:00;*;*;14/4/2018;AMAZONAS;Norte;*;*;4;16,533883
15/04/2018 00:00:00;*;*;15/4/2018;AMAZONAS;Norte;*;*;4;16,43683
16/04/2018 00:00:00;*;*;16/4/2018;AMAZONAS;Norte;*;*;4;16,765585
17/04/2018 00:00:00;*;*;17/4/2018;AMAZONAS;Norte;*;*;4;16,311464
18/04/2018 00:00:00;*;*;18/4/2018;AMAZONAS;Norte;*;*;4;16,15686
19/04/2018 00:00:00;*;*;19/4/2018;AMAZONAS;Norte;*;*;4;16,510553
20/04/2018 00:00:00;*;*;20/4/2018;AMAZONAS;Norte;*;*;4;16,309967
21/04/2018 00:00:00;*;*;21/4/2018;AMAZONAS;Norte;*;*;4;16,277816
22/04/2018 00:00:00;*;*;22/4/2018;AMAZONAS;Norte;*;*;4;15,977072
23/04/2018 00:00:00;*;*;23/4/2018;AMAZONAS;Norte;*;*;4;16,594464
24/04/2018 00:00:00;*;*;24/4/2018;AMAZONAS;Norte;*;*;4;16,314298
25/04/2018 00:00:00;*;*;25/4/2018;AMAZONAS;Norte;*;*;4;16,514167
26/04/2018 00:00:00;*;*;26/4/2018;AMAZONAS;Norte;*;*;4;16,153593
27/04/2018 00:00:00;*;*;27/4/2018;AMAZONAS;Norte;*;*;4;16,457259
28/04/2018 00:00:00;*;*;28/4/2018;AMAZONAS;Norte;*;*;4;16,496464
29/04/2018 00:00:00;*;*;29/4/2018;AMAZONAS;Norte;*;*;4;16,847072
30/04/2018 00:00:00;*;*;30/4/2018;AMAZONAS;Norte;*;*;4;16,125348
01/05/2018 00:00:00;*;*;1/5/2018;AMAZONAS;Norte;*;*;4;16,210447
02/05/2018 00:00:00;*;*;2/5/2018;AMAZONAS;Norte;*;*;4;15,910532
03/05/2018 00:00:00;*;*;3/5/2018;AMAZONAS;Norte;*;*;4;16,315571
04/05/2018 00:00:00;*;*;4/5/2018;AMAZONAS;Norte;*;*;4;16,193068
05/05/2018 00:00:00;*;*;5/5/2018;AMAZONAS;Norte;*;*;4;16,182836
06/05/2018 00:00:00;*;*;6/5/2018;AMAZONAS;Norte;*;*;4;16,20698
07/05/2018 00:00:00;*;*;7/5/2018;AMAZONAS;Norte;*;*;4;16,479701
08/05/2018 00:00:00;*;*;8/5/2018;AMAZONAS;Norte;*;*;4;17,237857
09/05/2018 00:00:00;*;*;9/5/2018;AMAZONAS;Norte;*;*;4;17,437757
10/05/2018 00:00:00;*;*;10/5/2018;AMAZONAS;Norte;*;*;4;17,712561
11/05/2018 00:00:00;*;*;11/5/2018;AMAZONAS;Norte;*;*;4;17,838622
12/05/2018 00:00:00;*;*;12/5/2018;AMAZONAS;Norte;*;*;4;18,310436
13/05/2018 00:00:00;*;*;13/5/2018;AMAZONAS;Norte;*;*;4;17,93144
14/05/2018 00:00:00;*;*;14/5/2018;AMAZONAS;Norte;*;*;4;19,529667
15/05/2018 00:00:00;*;*;15/5/2018;AMAZONAS;Norte;*;*;4;18,985558
16/05/2018 00:00:00;*;*;16/5/2018;AMAZONAS;Norte;*;*;4;19,265812
17/05/2018 00:00:00;*;*;17/5/2018;AMAZONAS;Norte;*;*;4;17,718816
18/05/2018 00:00:00;*;*;18/5/2018;AMAZONAS;Norte;*;*;4;16,998199
19/05/2018 00:00:00;*;*;19/5/2018;AMAZONAS;Norte;*;*;4;19,172197
20/05/2018 00:00:00;*;*;20/5/2018;AMAZONAS;Norte;*;*;4;18,02803
21/05/2018 00:00:00;*;*;21/5/2018;AMAZONAS;Norte;*;*;4;15,654937
22/05/2018 00:00:00;*;*;22/5/2018;AMAZONAS;Norte;*;*;4;21,33117
23/05/2018 00:00:00;*;*;23/5/2018;AMAZONAS;Norte;*;*;4;22,159573
24/05/2018 00:00:00;*;*;24/5/2018;AMAZONAS;Norte;*;*;4;21,501667
25/05/2018 00:00:00;*;*;25/5/2018;AMAZONAS;Norte;*;*;4;19,651291
26/05/2018 00:00:00;*;*;26/5/2018;AMAZONAS;Norte;*;*;4;15,55951
27/05/2018 00:00:00;*;*;27/5/2018;AMAZONAS;Norte;*;*;4;13,242676
28/05/2018 00:00:00;*;*;28/5/2018;AMAZONAS;Norte;*;*;4;14,555871
29/05/2018 00:00:00;*;*;29/5/2018;AMAZONAS;Norte;*;*;4;15,823306
30/05/2018 00:00:00;*;*;30/5/2018;AMAZONAS;Norte;*;*;4;15,169984
31/05/2018 00:00:00;*;*;31/5/2018;AMAZONAS;Norte;*;*;4;14,492324
01/06/2018 00:00:00;*;*;1/6/2018;AMAZONAS;Norte;*;*;4;14,915418
02/06/2018 00:00:00;*;*;2/6/2018;AMAZONAS;Norte;*;*;4;15,51198
03/06/2018 00:00:00;*;*;3/6/2018;AMAZONAS;Norte;*;*;4;15,649829
04/06/2018 00:00:00;*;*;4/6/2018;AMAZONAS;Norte;*;*;4;15,437585
05/06/2018 00:00:00;*;*;5/6/2018;AMAZONAS;Norte;*;*;4;15,568853
06/06/2018 00:00:00;*;*;6/6/2018;AMAZONAS;Norte;*;*;4;17,466237
07/06/2018 00:00:00;*;*;7/6/2018;AMAZONAS;Norte;*;*;4;19,255507
08/06/2018 00:00:00;*;*;8/6/2018;AMAZONAS;Norte;*;*;4;18,115438
09/06/2018 00:00:00;*;*;9/6/2018;AMAZONAS;Norte;*;*;4;19,659059
10/06/2018 00:00:00;*;*;10/6/2018;AMAZONAS;Norte;*;*;4;20,230578
11/06/2018 00:00:00;*;*;11/6/2018;AMAZONAS;Norte;*;*;4;17,379242
12/06/2018 00:00:00;*;*;12/6/2018;AMAZONAS;Norte;*;*;4;23,238882
13/06/2018 00:00:00;*;*;13/6/2018;AMAZONAS;Norte;*;*;4;20,633422
14/06/2018 00:00:00;*;*;14/6/2018;AMAZONAS;Norte;*;*;4;20,985155
15/06/2018 00:00:00;*;*;15/6/2018;AMAZONAS;Norte;*;*;4;24,083814
16/06/2018 00:00:00;*;*;16/6/2018;AMAZONAS;Norte;*;*;4;24,730202
17/06/2018 00:00:00;*;*;17/6/2018;AMAZONAS;Norte;*;*;4;14,449607
18/06/2018 00:00:00;*;*;18/6/2018;AMAZONAS;Norte;*;*;4;14,821283
19/06/2018 00:00:00;*;*;19/6/2018;AMAZONAS;Norte;*;*;4;14,827131
20/06/2018 00:00:00;*;*;20/6/2018;AMAZONAS;Norte;*;*;4;15,173491
21/06/2018 00:00:00;*;*;21/6/2018;AMAZONAS;Norte;*;*;4;15,201311
22/06/2018 00:00:00;*;*;22/6/2018;AMAZONAS;Norte;*;*;4;15,280844
23/06/2018 00:00:00;*;*;23/6/2018;AMAZONAS;Norte;*;*;4;14,97395
24/06/2018 00:00:00;*;*;24/6/2018;AMAZONAS;Norte;*;*;4;15,353031
25/06/2018 00:00:00;*;*;25/6/2018;AMAZONAS;Norte;*;*;4;15,268708
26/06/2018 00:00:00;*;*;26/6/2018;AMAZONAS;Norte;*;*;4;15,206908
27/06/2018 00:00:00;*;*;27/6/2018;AMAZONAS;Norte;*;*;4;15,561572
28/06/2018 00:00:00;*;*;28/6/2018;AMAZONAS;Norte;*;*;4;16,307815
29/06/2018 00:00:00;*;*;29/6/2018;AMAZONAS;Norte;*;*;4;18,737893
30/06/2018 00:00:00;*;*;30/6/2018;AMAZONAS;Norte;*;*;4;15,957843
01/07/2018 00:00:00;*;*;1/7/2018;AMAZONAS;Norte;*;*;4;19,727285
02/07/2018 00:00:00;*;*;2/7/2018;AMAZONAS;Norte;*;*;4;19,47919
03/07/2018 00:00:00;*;*;3/7/2018;AMAZONAS;Norte;*;*;4;21,137725
04/07/2018 00:00:00;*;*;4/7/2018;AMAZONAS;Norte;*;*;4;23,917767
05/07/2018 00:00:00;*;*;5/7/2018;AMAZONAS;Norte;*;*;4;14,560373
06/07/2018 00:00:00;*;*;6/7/2018;AMAZONAS;Norte;*;*;4;22,210534
07/07/2018 00:00:00;*;*;7/7/2018;AMAZONAS;Norte;*;*;4;27,146338
08/07/2018 00:00:00;*;*;8/7/2018;AMAZONAS;Norte;*;*;4;26,600838
09/07/2018 00:00:00;*;*;9/7/2018;AMAZONAS;Norte;*;*;4;17,738379
10/07/2018 00:00:00;*;*;10/7/2018;AMAZONAS;Norte;*;*;4;14,580785
11/07/2018 00:00:00;*;*;11/7/2018;AMAZONAS;Norte;*;*;4;14,874969
12/07/2018 00:00:00;*;*;12/7/2018;AMAZONAS;Norte;*;*;4;15,943046
13/07/2018 00:00:00;*;*;13/7/2018;AMAZONAS;Norte;*;*;4;23,404297
14/07/2018 00:00:00;*;*;14/7/2018;AMAZONAS;Norte;*;*;4;28,453084
15/07/2018 00:00:00;*;*;15/7/2018;AMAZONAS;Norte;*;*;4;23,274125
16/07/2018 00:00:00;*;*;16/7/2018;AMAZONAS;Norte;*;*;4;22,805736
17/07/2018 00:00:00;*;*;17/7/2018;AMAZONAS;Norte;*;*;4;22,963386
18/07/2018 00:00:00;*;*;18/7/2018;AMAZONAS;Norte;*;*;4;22,505587
19/07/2018 00:00:00;*;*;19/7/2018;AMAZONAS;Norte;*;*;4;23,920421
20/07/2018 00:00:00;*;*;20/7/2018;AMAZONAS;Norte;*;*;4;23,612266
21/07/2018 00:00:00;*;*;21/7/2018;AMAZONAS;Norte;*;*;4;21,178405
22/07/2018 00:00:00;*;*;22/7/2018;AMAZONAS;Norte;*;*;4;14,525081
23/07/2018 00:00:00;*;*;23/7/2018;AMAZONAS;Norte;*;*;4;14,417553
24/07/2018 00:00:00;*;*;24/7/2018;AMAZONAS;Norte;*;*;4;16,85976
25/07/2018 00:00:00;*;*;25/7/2018;AMAZONAS;Norte;*;*;4;14,781325
26/07/2018 00:00:00;*;*;26/7/2018;AMAZONAS;Norte;*;*;4;17,223395
27/07/2018 00:00:00;*;*;27/7/2018;AMAZONAS;Norte;*;*;4;20,116225
28/07/2018 00:00:00;*;*;28/7/2018;AMAZONAS;Norte;*;*;4;19,714768
29/07/2018 00:00:00;*;*;29/7/2018;AMAZONAS;Norte;*;*;4;18,522242
30/07/2018 00:00:00;*;*;30/7/2018;AMAZONAS;Norte;*;*;4;19,858943
31/07/2018 00:00:00;*;*;31/7/2018;AMAZONAS;Norte;*;*;4;28,462929
01/08/2018 00:00:00;*;*;1/8/2018;AMAZONAS;Norte;*;*;4;28,384257
02/08/2018 00:00:00;*;*;2/8/2018;AMAZONAS;Norte;*;*;4;28,94163
03/08/2018 00:00:00;*;*;3/8/2018;AMAZONAS;Norte;*;*;4;27,531267
04/08/2018 00:00:00;*;*;4/8/2018;AMAZONAS;Norte;*;*;4;27,679697
05/08/2018 00:00:00;*;*;5/8/2018;AMAZONAS;Norte;*;*;4;26,645269
06/08/2018 00:00:00;*;*;6/8/2018;AMAZONAS;Norte;*;*;4;25,979909
07/08/2018 00:00:00;*;*;7/8/2018;AMAZONAS;Norte;*;*;4;27,810437
08/08/2018 00:00:00;*;*;8/8/2018;AMAZONAS;Norte;*;*;4;28,282886
09/08/2018 00:00:00;*;*;9/8/2018;AMAZONAS;Norte;*;*;4;28,371568
10/08/2018 00:00:00;*;*;10/8/2018;AMAZONAS;Norte;*;*;4;19,367329
11/08/2018 00:00:00;*;*;11/8/2018;AMAZONAS;Norte;*;*;4;14,820208
12/08/2018 00:00:00;*;*;12/8/2018;AMAZONAS;Norte;*;*;4;20,156841
13/08/2018 00:00:00;*;*;13/8/2018;AMAZONAS;Norte;*;*;4;28,505605
14/08/2018 00:00:00;*;*;14/8/2018;AMAZONAS;Norte;*;*;4;28,456461
15/08/2018 00:00:00;*;*;15/8/2018;AMAZONAS;Norte;*;*;4;28,508394
16/08/2018 00:00:00;*;*;16/8/2018;AMAZONAS;Norte;*;*;4;28,436765
17/08/2018 00:00:00;*;*;17/8/2018;AMAZONAS;Norte;*;*;4;28,412706
18/08/2018 00:00:00;*;*;18/8/2018;AMAZONAS;Norte;*;*;4;28,631777
19/08/2018 00:00:00;*;*;19/8/2018;AMAZONAS;Norte;*;*;4;27,315548
20/08/2018 00:00:00;*;*;20/8/2018;AMAZONAS;Norte;*;*;4;27,857852
21/08/2018 00:00:00;*;*;21/8/2018;AMAZONAS;Norte;*;*;4;27,27257
22/08/2018 00:00:00;*;*;22/8/2018;AMAZONAS;Norte;*;*;4;27,463373
23/08/2018 00:00:00;*;*;23/8/2018;AMAZONAS;Norte;*;*;4;27,513564
24/08/2018 00:00:00;*;*;24/8/2018;AMAZONAS;Norte;*;*;4;27,88322
25/08/2018 00:00:00;*;*;25/8/2018;AMAZONAS;Norte;*;*;4;27,978427
26/08/2018 00:00:00;*;*;26/8/2018;AMAZONAS;Norte;*;*;4;27,191649
27/08/2018 00:00:00;*;*;27/8/2018;AMAZONAS;Norte;*;*;4;27,349454
28/08/2018 00:00:00;*;*;28/8/2018;AMAZONAS;Norte;*;*;4;25,567277
29/08/2018 00:00:00;*;*;29/8/2018;AMAZONAS;Norte;*;*;4;23,549468
30/08/2018 00:00:00;*;*;30/8/2018;AMAZONAS;Norte;*;*;4;27,905258
31/08/2018 00:00:00;*;*;31/8/2018;AMAZONAS;Norte;*;*;4;27,035202
01/09/2018 00:00:00;*;*;1/9/2018;AMAZONAS;Norte;*;*;4;27,183592
02/09/2018 00:00:00;*;*;2/9/2018;AMAZONAS;Norte;*;*;4;27,437932
03/09/2018 00:00:00;*;*;3/9/2018;AMAZONAS;Norte;*;*;4;27,993612
04/09/2018 00:00:00;*;*;4/9/2018;AMAZONAS;Norte;*;*;4;28,509623
05/09/2018 00:00:00;*;*;5/9/2018;AMAZONAS;Norte;*;*;4;29,128651
06/09/2018 00:00:00;*;*;6/9/2018;AMAZONAS;Norte;*;*;4;28,358155
07/09/2018 00:00:00;*;*;7/9/2018;AMAZONAS;Norte;*;*;4;24,194252
08/09/2018 00:00:00;*;*;8/9/2018;AMAZONAS;Norte;*;*;4;20,882627
09/09/2018 00:00:00;*;*;9/9/2018;AMAZONAS;Norte;*;*;4;23,713312
10/09/2018 00:00:00;*;*;10/9/2018;AMAZONAS;Norte;*;*;4;21,732366
11/09/2018 00:00:00;*;*;11/9/2018;AMAZONAS;Norte;*;*;4;20,264609
12/09/2018 00:00:00;*;*;12/9/2018;AMAZONAS;Norte;*;*;4;20,503194
13/09/2018 00:00:00;*;*;13/9/2018;AMAZONAS;Norte;*;*;4;24,385373
14/09/2018 00:00:00;*;*;14/9/2018;AMAZONAS;Norte;*;*;4;24,408681
15/09/2018 00:00:00;*;*;15/9/2018;AMAZONAS;Norte;*;*;4;22,010224
16/09/2018 00:00:00;*;*;16/9/2018;AMAZONAS;Norte;*;*;4;17,901629
17/09/2018 00:00:00;*;*;17/9/2018;AMAZONAS;Norte;*;*;4;20,237196
18/09/2018 00:00:00;*;*;18/9/2018;AMAZONAS;Norte;*;*;4;19,524606
19/09/2018 00:00:00;*;*;19/9/2018;AMAZONAS;Norte;*;*;4;18,738415
20/09/2018 00:00:00;*;*;20/9/2018;AMAZONAS;Norte;*;*;4;19,579606
21/09/2018 00:00:00;*;*;21/9/2018;AMAZONAS;Norte;*;*;4;19,558671
22/09/2018 00:00:00;*;*;22/9/2018;AMAZONAS;Norte;*;*;4;28,063038
23/09/2018 00:00:00;*;*;23/9/2018;AMAZONAS;Norte;*;*;4;27,757175
24/09/2018 00:00:00;*;*;24/9/2018;AMAZONAS;Norte;*;*;4;28,056325
25/09/2018 00:00:00;*;*;25/9/2018;AMAZONAS;Norte;*;*;4;28,441948
26/09/2018 00:00:00;*;*;26/9/2018;AMAZONAS;Norte;*;*;4;28,041473
27/09/2018 00:00:00;*;*;27/9/2018;AMAZONAS;Norte;*;*;4;27,981282
28/09/2018 00:00:00;*;*;28/9/2018;AMAZONAS;Norte;*;*;4;27,640149
29/09/2018 00:00:00;*;*;29/9/2018;AMAZONAS;Norte;*;*;4;28,004961
30/09/2018 00:00:00;*;*;30/9/2018;AMAZONAS;Norte;*;*;4;27,728802
01/10/2018 00:00:00;*;*;1/10/2018;AMAZONAS;Norte;*;*;4;27,360897
02/10/2018 00:00:00;*;*;2/10/2018;AMAZONAS;Norte;*;*;4;27,284484
03/10/2018 00:00:00;*;*;3/10/2018;AMAZONAS;Norte;*;*;4;27,703421
04/10/2018 00:00:00;*;*;4/10/2018;AMAZONAS;Norte;*;*;4;23,0852
05/10/2018 00:00:00;*;*;5/10/2018;AMAZONAS;Norte;*;*;4;22,341155
06/10/2018 00:00:00;*;*;6/10/2018;AMAZONAS;Norte;*;*;4;27,972051
07/10/2018 00:00:00;*;*;7/10/2018;AMAZONAS;Norte;*;*;4;28,148652
08/10/2018 00:00:00;*;*;8/10/2018;AMAZONAS;Norte;*;*;4;27,789429
09/10/2018 00:00:00;*;*;9/10/2018;AMAZONAS;Norte;*;*;4;27,349315
10/10/2018 00:00:00;*;*;10/10/2018;AMAZONAS;Norte;*;*;4;27,160042
11/10/2018 00:00:00;*;*;11/10/2018;AMAZONAS;Norte;*;*;4;27,652172
12/10/2018 00:00:00;*;*;12/10/2018;AMAZONAS;Norte;*;*;4;25,652477
13/10/2018 00:00:00;*;*;13/10/2018;AMAZONAS;Norte;*;*;4;26,582354
14/10/2018 00:00:00;*;*;14/10/2018;AMAZONAS;Norte;*;*;4;24,987063
15/10/2018 00:00:00;*;*;15/10/2018;AMAZONAS;Norte;*;*;4;22,158729
16/10/2018 00:00:00;*;*;16/10/2018;AMAZONAS;Norte;*;*;4;20,32106
17/10/2018 00:00:00;*;*;17/10/2018;AMAZONAS;Norte;*;*;4;24,403795
18/10/2018 00:00:00;*;*;18/10/2018;AMAZONAS;Norte;*;*;4;18,75872
19/10/2018 00:00:00;*;*;19/10/2018;AMAZONAS;Norte;*;*;4;16,829069
20/10/2018 00:00:00;*;*;20/10/2018;AMAZONAS;Norte;*;*;4;18,559082
21/10/2018 00:00:00;*;*;21/10/2018;AMAZONAS;Norte;*;*;4;20,690126
22/10/2018 00:00:00;*;*;22/10/2018;AMAZONAS;Norte;*;*;4;17,524847
23/10/2018 00:00:00;*;*;23/10/2018;AMAZONAS;Norte;*;*;4;15,723789
24/10/2018 00:00:00;*;*;24/10/2018;AMAZONAS;Norte;*;*;4;19,779649
25/10/2018 00:00:00;*;*;25/10/2018;AMAZONAS;Norte;*;*;4;20,376212
26/10/2018 00:00:00;*;*;26/10/2018;AMAZONAS;Norte;*;*;4;20,301484
27/10/2018 00:00:00;*;*;27/10/2018;AMAZONAS;Norte;*;*;4;21,04424
28/10/2018 00:00:00;*;*;28/10/2018;AMAZONAS;Norte;*;*;4;22,202215
29/10/2018 00:00:00;*;*;29/10/2018;AMAZONAS;Norte;*;*;4;21,626732
30/10/2018 00:00:00;*;*;30/10/2018;AMAZONAS;Norte;*;*;4;21,185447
31/10/2018 00:00:00;*;*;31/10/2018;AMAZONAS;Norte;*;*;4;21,491031
01/11/2018 00:00:00;*;*;1/11/2018;AMAZONAS;Norte;*;*;4;21,233893
02/11/2018 00:00:00;*;*;2/11/2018;AMAZONAS;Norte;*;*;4;21,324807
03/11/2018 00:00:00;*;*;3/11/2018;AMAZONAS;Norte;*;*;4;21,853273
04/11/2018 00:00:00;*;*;4/11/2018;AMAZONAS;Norte;*;*;4;21,94190712
05/11/2018 00:00:00;*;*;5/11/2018;AMAZONAS;Norte;*;*;4;21,4604
06/11/2018 00:00:00;*;*;6/11/2018;AMAZONAS;Norte;*;*;4;20,910385
07/11/2018 00:00:00;*;*;7/11/2018;AMAZONAS;Norte;*;*;4;20,546998
08/11/2018 00:00:00;*;*;8/11/2018;AMAZONAS;Norte;*;*;4;20,767979
09/11/2018 00:00:00;*;*;9/11/2018;AMAZONAS;Norte;*;*;4;21,388985
10/11/2018 00:00:00;*;*;10/11/2018;AMAZONAS;Norte;*;*;4;18,613455
11/11/2018 00:00:00;*;*;11/11/2018;AMAZONAS;Norte;*;*;4;18,227616
12/11/2018 00:00:00;*;*;12/11/2018;AMAZONAS;Norte;*;*;4;19,638596
13/11/2018 00:00:00;*;*;13/11/2018;AMAZONAS;Norte;*;*;4;21,437083
14/11/2018 00:00:00;*;*;14/11/2018;AMAZONAS;Norte;*;*;4;21,24015
15/11/2018 00:00:00;*;*;15/11/2018;AMAZONAS;Norte;*;*;4;19,744813
16/11/2018 00:00:00;*;*;16/11/2018;AMAZONAS;Norte;*;*;4;20,222067
17/11/2018 00:00:00;*;*;17/11/2018;AMAZONAS;Norte;*;*;4;22,559675
18/11/2018 00:00:00;*;*;18/11/2018;AMAZONAS;Norte;*;*;4;21,754035
19/11/2018 00:00:00;*;*;19/11/2018;AMAZONAS;Norte;*;*;4;20,959304
20/11/2018 00:00:00;*;*;20/11/2018;AMAZONAS;Norte;*;*;4;21,132966
21/11/2018 00:00:00;*;*;21/11/2018;AMAZONAS;Norte;*;*;4;20,288914
22/11/2018 00:00:00;*;*;22/11/2018;AMAZONAS;Norte;*;*;4;19,956579
23/11/2018 00:00:00;*;*;23/11/2018;AMAZONAS;Norte;*;*;4;20,341271
24/11/2018 00:00:00;*;*;24/11/2018;AMAZONAS;Norte;*;*;4;19,831642
25/11/2018 00:00:00;*;*;25/11/2018;AMAZONAS;Norte;*;*;4;19,757753
26/11/2018 00:00:00;*;*;26/11/2018;AMAZONAS;Norte;*;*;4;21,661197
27/11/2018 00:00:00;*;*;27/11/2018;AMAZONAS;Norte;*;*;4;19,376444
28/11/2018 00:00:00;*;*;28/11/2018;AMAZONAS;Norte;*;*;4;19,445259
29/11/2018 00:00:00;*;*;29/11/2018;AMAZONAS;Norte;*;*;4;19,190298
30/11/2018 00:00:00;*;*;30/11/2018;AMAZONAS;Norte;*;*;4;19,339699
01/12/2018 00:00:00;*;*;1/12/2018;AMAZONAS;Norte;*;*;4;19,263633
02/12/2018 00:00:00;*;*;2/12/2018;AMAZONAS;Norte;*;*;4;18,694508
03/12/2018 00:00:00;*;*;3/12/2018;AMAZONAS;Norte;*;*;4;19,486543
04/12/2018 00:00:00;*;*;4/12/2018;AMAZONAS;Norte;*;*;4;18,790644
05/12/2018 00:00:00;*;*;5/12/2018;AMAZONAS;Norte;*;*;4;17,980875
06/12/2018 00:00:00;*;*;6/12/2018;AMAZONAS;Norte;*;*;4;17,394867
07/12/2018 00:00:00;*;*;7/12/2018;AMAZONAS;Norte;*;*;4;17,415146
08/12/2018 00:00:00;*;*;8/12/2018;AMAZONAS;Norte;*;*;4;16,963076
09/12/2018 00:00:00;*;*;9/12/2018;AMAZONAS;Norte;*;*;4;16,332576
10/12/2018 00:00:00;*;*;10/12/2018;AMAZONAS;Norte;*;*;4;15,708797
11/12/2018 00:00:00;*;*;11/12/2018;AMAZONAS;Norte;*;*;4;16,934774
12/12/2018 00:00:00;*;*;12/12/2018;AMAZONAS;Norte;*;*;4;17,113016
13/12/2018 00:00:00;*;*;13/12/2018;AMAZONAS;Norte;*;*;4;16,684536
14/12/2018 00:00:00;*;*;14/12/2018;AMAZONAS;Norte;*;*;4;16,250155
15/12/2018 00:00:00;*;*;15/12/2018;AMAZONAS;Norte;*;*;4;15,690329
16/12/2018 00:00:00;*;*;16/12/2018;AMAZONAS;Norte;*;*;4;16,132991
17/12/2018 00:00:00;*;*;17/12/2018;AMAZONAS;Norte;*;*;4;15,902052
18/12/2018 00:00:00;*;*;18/12/2018;AMAZONAS;Norte;*;*;4;15,828607
19/12/2018 00:00:00;*;*;19/12/2018;AMAZONAS;Norte;*;*;4;15,789766
20/12/2018 00:00:00;*;*;20/12/2018;AMAZONAS;Norte;*;*;4;14,875172
21/12/2018 00:00:00;*;*;21/12/2018;AMAZONAS;Norte;*;*;4;17,045798
22/12/2018 00:00:00;*;*;22/12/2018;AMAZONAS;Norte;*;*;4;17,772925
23/12/2018 00:00:00;*;*;23/12/2018;AMAZONAS;Norte;*;*;4;20,58741
24/12/2018 00:00:00;*;*;24/12/2018;AMAZONAS;Norte;*;*;4;19,041735
25/12/2018 00:00:00;*;*;25/12/2018;AMAZONAS;Norte;*;*;4;18,548771
26/12/2018 00:00:00;*;*;26/12/2018;AMAZONAS;Norte;*;*;4;19,027259
27/12/2018 00:00:00;*;*;27/12/2018;AMAZONAS;Norte;*;*;4;19,422334
28/12/2018 00:00:00;*;*;28/12/2018;AMAZONAS;Norte;*;*;4;25,190274
29/12/2018 00:00:00;*;*;29/12/2018;AMAZONAS;Norte;*;*;4;25,82193
30/12/2018 00:00:00;*;*;30/12/2018;AMAZONAS;Norte;*;*;4;26,1119
31/12/2018 00:00:00;*;*;31/12/2018;AMAZONAS;Norte;*;*;4;26,374412
01/01/2019 00:00:00;*;*;1/1/2019;AMAZONAS;Norte;*;*;4;20,472262
02/01/2019 00:00:00;*;*;2/1/2019;AMAZONAS;Norte;*;*;4;20,340721
03/01/2019 00:00:00;*;*;3/1/2019;AMAZONAS;Norte;*;*;4;20,509875
04/01/2019 00:00:00;*;*;4/1/2019;AMAZONAS;Norte;*;*;4;20,188164
05/01/2019 00:00:00;*;*;5/1/2019;AMAZONAS;Norte;*;*;4;25,425368
06/01/2019 00:00:00;*;*;6/1/2019;AMAZONAS;Norte;*;*;4;25,853889
07/01/2019 00:00:00;*;*;7/1/2019;AMAZONAS;Norte;*;*;4;28,891043
08/01/2019 00:00:00;*;*;8/1/2019;AMAZONAS;Norte;*;*;4;26,178637
09/01/2019 00:00:00;*;*;9/1/2019;AMAZONAS;Norte;*;*;4;26,541999
10/01/2019 00:00:00;*;*;10/1/2019;AMAZONAS;Norte;*;*;4;25,385797
11/01/2019 00:00:00;*;*;11/1/2019;AMAZONAS;Norte;*;*;4;27,159139
12/01/2019 00:00:00;*;*;12/1/2019;AMAZONAS;Norte;*;*;4;19,475141
13/01/2019 00:00:00;*;*;13/1/2019;AMAZONAS;Norte;*;*;4;19,019723
14/01/2019 00:00:00;*;*;14/1/2019;AMAZONAS;Norte;*;*;4;18,945952
15/01/2019 00:00:00;*;*;15/1/2019;AMAZONAS;Norte;*;*;4;19,761093
16/01/2019 00:00:00;*;*;16/1/2019;AMAZONAS;Norte;*;*;4;19,969277
17/01/2019 00:00:00;*;*;17/1/2019;AMAZONAS;Norte;*;*;4;20,164578
18/01/2019 00:00:00;*;*;18/1/2019;AMAZONAS;Norte;*;*;4;19,878526
19/01/2019 00:00:00;*;*;19/1/2019;AMAZONAS;Norte;*;*;4;19,604495
20/01/2019 00:00:00;*;*;20/1/2019;AMAZONAS;Norte;*;*;4;18,63718
21/01/2019 00:00:00;*;*;21/1/2019;AMAZONAS;Norte;*;*;4;20,553271
22/01/2019 00:00:00;*;*;22/1/2019;AMAZONAS;Norte;*;*;4;19,301255
23/01/2019 00:00:00;*;*;23/1/2019;AMAZONAS;Norte;*;*;4;19,456175
24/01/2019 00:00:00;*;*;24/1/2019;AMAZONAS;Norte;*;*;4;19,179602
25/01/2019 00:00:00;*;*;25/1/2019;AMAZONAS;Norte;*;*;4;19,414618
26/01/2019 00:00:00;*;*;26/1/2019;AMAZONAS;Norte;*;*;4;19,649466
27/01/2019 00:00:00;*;*;27/1/2019;AMAZONAS;Norte;*;*;4;18,684393
28/01/2019 00:00:00;*;*;28/1/2019;AMAZONAS;Norte;*;*;4;19,94651
29/01/2019 00:00:00;*;*;29/1/2019;AMAZONAS;Norte;*;*;4;20,622481
30/01/2019 00:00:00;*;*;30/1/2019;AMAZONAS;Norte;*;*;4;19,6765
31/01/2019 00:00:00;*;*;31/1/2019;AMAZONAS;Norte;*;*;4;19,482467
01/02/2019 00:00:00;*;*;1/2/2019;AMAZONAS;Norte;*;*;4;19,708209
02/02/2019 00:00:00;*;*;2/2/2019;AMAZONAS;Norte;*;*;4;19,561033
03/02/2019 00:00:00;*;*;3/2/2019;AMAZONAS;Norte;*;*;4;19,494101
04/02/2019 00:00:00;*;*;4/2/2019;AMAZONAS;Norte;*;*;4;20,968032
05/02/2019 00:00:00;*;*;5/2/2019;AMAZONAS;Norte;*;*;4;23,202187
06/02/2019 00:00:00;*;*;6/2/2019;AMAZONAS;Norte;*;*;4;19,996187
07/02/2019 00:00:00;*;*;7/2/2019;AMAZONAS;Norte;*;*;4;18,917204
08/02/2019 00:00:00;*;*;8/2/2019;AMAZONAS;Norte;*;*;4;20,010663
09/02/2019 00:00:00;*;*;9/2/2019;AMAZONAS;Norte;*;*;4;19,648617
10/02/2019 00:00:00;*;*;10/2/2019;AMAZONAS;Norte;*;*;4;19,474006
11/02/2019 00:00:00;*;*;11/2/2019;AMAZONAS;Norte;*;*;4;19,612974
12/02/2019 00:00:00;*;*;12/2/2019;AMAZONAS;Norte;*;*;4;18,310423
13/02/2019 00:00:00;*;*;13/2/2019;AMAZONAS;Norte;*;*;4;19,514423
14/02/2019 00:00:00;*;*;14/2/2019;AMAZONAS;Norte;*;*;4;19,143261
15/02/2019 00:00:00;*;*;15/2/2019;AMAZONAS;Norte;*;*;4;20,150782
16/02/2019 00:00:00;*;*;16/2/2019;AMAZONAS;Norte;*;*;4;19,928861
17/02/2019 00:00:00;*;*;17/2/2019;AMAZONAS;Norte;*;*;4;19,9025
18/02/2019 00:00:00;*;*;18/2/2019;AMAZONAS;Norte;*;*;4;20,130133
19/02/2019 00:00:00;*;*;19/2/2019;AMAZONAS;Norte;*;*;4;19,30279
20/02/2019 00:00:00;*;*;20/2/2019;AMAZONAS;Norte;*;*;4;19,869287
21/02/2019 00:00:00;*;*;21/2/2019;AMAZONAS;Norte;*;*;4;20,293867
22/02/2019 00:00:00;*;*;22/2/2019;AMAZONAS;Norte;*;*;4;19,857044
23/02/2019 00:00:00;*;*;23/2/2019;AMAZONAS;Norte;*;*;4;19,473362
24/02/2019 00:00:00;*;*;24/2/2019;AMAZONAS;Norte;*;*;4;20,011199
25/02/2019 00:00:00;*;*;25/2/2019;AMAZONAS;Norte;*;*;4;20,067627
26/02/2019 00:00:00;*;*;26/2/2019;AMAZONAS;Norte;*;*;4;20,064582
27/02/2019 00:00:00;*;*;27/2/2019;AMAZONAS;Norte;*;*;4;20,230484
28/02/2019 00:00:00;*;*;28/2/2019;AMAZONAS;Norte;*;*;4;20,226657
01/03/2019 00:00:00;*;*;1/3/2019;AMAZONAS;Norte;*;*;4;19,953208
02/03/2019 00:00:00;*;*;2/3/2019;AMAZONAS;Norte;*;*;4;19,647234
03/03/2019 00:00:00;*;*;3/3/2019;AMAZONAS;Norte;*;*;4;19,984173
04/03/2019 00:00:00;*;*;4/3/2019;AMAZONAS;Norte;*;*;4;20,022354
05/03/2019 00:00:00;*;*;5/3/2019;AMAZONAS;Norte;*;*;4;20,042468
06/03/2019 00:00:00;*;*;6/3/2019;AMAZONAS;Norte;*;*;4;19,983128
07/03/2019 00:00:00;*;*;7/3/2019;AMAZONAS;Norte;*;*;4;20,211118
08/03/2019 00:00:00;*;*;8/3/2019;AMAZONAS;Norte;*;*;4;20,252092
09/03/2019 00:00:00;*;*;9/3/2019;AMAZONAS;Norte;*;*;4;19,415632
10/03/2019 00:00:00;*;*;10/3/2019;AMAZONAS;Norte;*;*;4;19,688338
11/03/2019 00:00:00;*;*;11/3/2019;AMAZONAS;Norte;*;*;4;19,755343
12/03/2019 00:00:00;*;*;12/3/2019;AMAZONAS;Norte;*;*;4;19,69277
13/03/2019 00:00:00;*;*;13/3/2019;AMAZONAS;Norte;*;*;4;20,004815
14/03/2019 00:00:00;*;*;14/3/2019;AMAZONAS;Norte;*;*;4;20,402046
15/03/2019 00:00:00;*;*;15/3/2019;AMAZONAS;Norte;*;*;4;20,220641
16/03/2019 00:00:00;*;*;16/3/2019;AMAZONAS;Norte;*;*;4;19,63398
17/03/2019 00:00:00;*;*;17/3/2019;AMAZONAS;Norte;*;*;4;19,927306
18/03/2019 00:00:00;*;*;18/3/2019;AMAZONAS;Norte;*;*;4;20,600568
19/03/2019 00:00:00;*;*;19/3/2019;AMAZONAS;Norte;*;*;4;19,104647
20/03/2019 00:00:00;*;*;20/3/2019;AMAZONAS;Norte;*;*;4;20,705547
21/03/2019 00:00:00;*;*;21/3/2019;AMAZONAS;Norte;*;*;4;20,429754
22/03/2019 00:00:00;*;*;22/3/2019;AMAZONAS;Norte;*;*;4;19,972008
23/03/2019 00:00:00;*;*;23/3/2019;AMAZONAS;Norte;*;*;4;20,093235
24/03/2019 00:00:00;*;*;24/3/2019;AMAZONAS;Norte;*;*;4;19,669461
25/03/2019 00:00:00;*;*;25/3/2019;AMAZONAS;Norte;*;*;4;19,657786
26/03/2019 00:00:00;*;*;26/3/2019;AMAZONAS;Norte;*;*;4;20,319161
27/03/2019 00:00:00;*;*;27/3/2019;AMAZONAS;Norte;*;*;4;20,542486
28/03/2019 00:00:00;*;*;28/3/2019;AMAZONAS;Norte;*;*;4;20,867347
29/03/2019 00:00:00;*;*;29/3/2019;AMAZONAS;Norte;*;*;4;20,357514
30/03/2019 00:00:00;*;*;30/3/2019;AMAZONAS;Norte;*;*;4;19,982937
31/03/2019 00:00:00;*;*;31/3/2019;AMAZONAS;Norte;*;*;4;20,001069
01/04/2019 00:00:00;*;*;1/4/2019;AMAZONAS;Norte;*;*;4;20,199844
02/04/2019 00:00:00;*;*;2/4/2019;AMAZONAS;Norte;*;*;4;20,347311
03/04/2019 00:00:00;*;*;3/4/2019;AMAZONAS;Norte;*;*;4;19,104219
04/04/2019 00:00:00;*;*;4/4/2019;AMAZONAS;Norte;*;*;4;20,231865
05/04/2019 00:00:00;*;*;5/4/2019;AMAZONAS;Norte;*;*;4;20,507361
06/04/2019 00:00:00;*;*;6/4/2019;AMAZONAS;Norte;*;*;4;20,813639
07/04/2019 00:00:00;*;*;7/4/2019;AMAZONAS;Norte;*;*;4;20,269869
08/04/2019 00:00:00;*;*;8/4/2019;AMAZONAS;Norte;*;*;4;20,20242
09/04/2019 00:00:00;*;*;9/4/2019;AMAZONAS;Norte;*;*;4;21,955244
10/04/2019 00:00:00;*;*;10/4/2019;AMAZONAS;Norte;*;*;4;20,266535
11/04/2019 00:00:00;*;*;11/4/2019;AMAZONAS;Norte;*;*;4;20,492154
12/04/2019 00:00:00;*;*;12/4/2019;AMAZONAS;Norte;*;*;4;20,367593
13/04/2019 00:00:00;*;*;13/4/2019;AMAZONAS;Norte;*;*;4;20,180531
14/04/2019 00:00:00;*;*;14/4/2019;AMAZONAS;Norte;*;*;4;20,864748
15/04/2019 00:00:00;*;*;15/4/2019;AMAZONAS;Norte;*;*;4;20,112385
16/04/2019 00:00:00;*;*;16/4/2019;AMAZONAS;Norte;*;*;4;20,081213
17/04/2019 00:00:00;*;*;17/4/2019;AMAZONAS;Norte;*;*;4;20,13478
18/04/2019 00:00:00;*;*;18/4/2019;AMAZONAS;Norte;*;*;4;20,460807
19/04/2019 00:00:00;*;*;19/4/2019;AMAZONAS;Norte;*;*;4;19,938873
20/04/2019 00:00:00;*;*;20/4/2019;AMAZONAS;Norte;*;*;4;17,905317
21/04/2019 00:00:00;*;*;21/4/2019;AMAZONAS;Norte;*;*;4;19,781721
22/04/2019 00:00:00;*;*;22/4/2019;AMAZONAS;Norte;*;*;4;20,007795
23/04/2019 00:00:00;*;*;23/4/2019;AMAZONAS;Norte;*;*;4;19,931881
24/04/2019 00:00:00;*;*;24/4/2019;AMAZONAS;Norte;*;*;4;20,240751
25/04/2019 00:00:00;*;*;25/4/2019;AMAZONAS;Norte;*;*;4;20,539625
26/04/2019 00:00:00;*;*;26/4/2019;AMAZONAS;Norte;*;*;4;20,106815
27/04/2019 00:00:00;*;*;27/4/2019;AMAZONAS;Norte;*;*;4;18,132285
28/04/2019 00:00:00;*;*;28/4/2019;AMAZONAS;Norte;*;*;4;18,462119
29/04/2019 00:00:00;*;*;29/4/2019;AMAZONAS;Norte;*;*;4;19,077779
30/04/2019 00:00:00;*;*;30/4/2019;AMAZONAS;Norte;*;*;4;19,999071
01/05/2019 00:00:00;*;*;1/5/2019;AMAZONAS;Norte;*;*;4;20,185373
02/05/2019 00:00:00;*;*;2/5/2019;AMAZONAS;Norte;*;*;4;20,369013
03/05/2019 00:00:00;*;*;3/5/2019;AMAZONAS;Norte;*;*;4;20,469339
04/05/2019 00:00:00;*;*;4/5/2019;AMAZONAS;Norte;*;*;4;19,512998
05/05/2019 00:00:00;*;*;5/5/2019;AMAZONAS;Norte;*;*;4;19,782228
06/05/2019 00:00:00;*;*;6/5/2019;AMAZONAS;Norte;*;*;4;20,421205
07/05/2019 00:00:00;*;*;7/5/2019;AMAZONAS;Norte;*;*;4;21,102816
08/05/2019 00:00:00;*;*;8/5/2019;AMAZONAS;Norte;*;*;4;20,584814
09/05/2019 00:00:00;*;*;9/5/2019;AMAZONAS;Norte;*;*;4;20,912801
10/05/2019 00:00:00;*;*;10/5/2019;AMAZONAS;Norte;*;*;4;20,527875
11/05/2019 00:00:00;*;*;11/5/2019;AMAZONAS;Norte;*;*;4;19,323935
12/05/2019 00:00:00;*;*;12/5/2019;AMAZONAS;Norte;*;*;4;19,812888
13/05/2019 00:00:00;*;*;13/5/2019;AMAZONAS;Norte;*;*;4;20,452955
14/05/2019 00:00:00;*;*;14/5/2019;AMAZONAS;Norte;*;*;4;20,650861
15/05/2019 00:00:00;*;*;15/5/2019;AMAZONAS;Norte;*;*;4;20,02449
16/05/2019 00:00:00;*;*;16/5/2019;AMAZONAS;Norte;*;*;4;20,348257
17/05/2019 00:00:00;*;*;17/5/2019;AMAZONAS;Norte;*;*;4;20,147794
18/05/2019 00:00:00;*;*;18/5/2019;AMAZONAS;Norte;*;*;4;19,699048
19/05/2019 00:00:00;*;*;19/5/2019;AMAZONAS;Norte;*;*;4;18,581808
20/05/2019 00:00:00;*;*;20/5/2019;AMAZONAS;Norte;*;*;4;19,467427
21/05/2019 00:00:00;*;*;21/5/2019;AMAZONAS;Norte;*;*;4;19,86175
22/05/2019 00:00:00;*;*;22/5/2019;AMAZONAS;Norte;*;*;4;19,752886
23/05/2019 00:00:00;*;*;23/5/2019;AMAZONAS;Norte;*;*;4;19,688003
24/05/2019 00:00:00;*;*;24/5/2019;AMAZONAS;Norte;*;*;4;19,558907
25/05/2019 00:00:00;*;*;25/5/2019;AMAZONAS;Norte;*;*;4;19,262407
26/05/2019 00:00:00;*;*;26/5/2019;AMAZONAS;Norte;*;*;4;19,264142
27/05/2019 00:00:00;*;*;27/5/2019;AMAZONAS;Norte;*;*;4;21,768643
28/05/2019 00:00:00;*;*;28/5/2019;AMAZONAS;Norte;*;*;4;20,014
29/05/2019 00:00:00;*;*;29/5/2019;AMAZONAS;Norte;*;*;4;20,18917
30/05/2019 00:00:00;*;*;30/5/2019;AMAZONAS;Norte;*;*;4;19,718861
31/05/2019 00:00:00;*;*;31/5/2019;AMAZONAS;Norte;*;*;4;19,400419
01/06/2019 00:00:00;*;*;1/6/2019;AMAZONAS;Norte;*;*;4;19,345511
02/06/2019 00:00:00;*;*;2/6/2019;AMAZONAS;Norte;*;*;4;19,292669
03/06/2019 00:00:00;*;*;3/6/2019;AMAZONAS;Norte;*;*;4;20,06834
04/06/2019 00:00:00;*;*;4/6/2019;AMAZONAS;Norte;*;*;4;20,579418
05/06/2019 00:00:00;*;*;5/6/2019;AMAZONAS;Norte;*;*;4;19,573544
06/06/2019 00:00:00;*;*;6/6/2019;AMAZONAS;Norte;*;*;4;19,831005
07/06/2019 00:00:00;*;*;7/6/2019;AMAZONAS;Norte;*;*;4;20,354155
08/06/2019 00:00:00;*;*;8/6/2019;AMAZONAS;Norte;*;*;4;20,101837
09/06/2019 00:00:00;*;*;9/6/2019;AMAZONAS;Norte;*;*;4;18,371495
10/06/2019 00:00:00;*;*;10/6/2019;AMAZONAS;Norte;*;*;4;20,211063
11/06/2019 00:00:00;*;*;11/6/2019;AMAZONAS;Norte;*;*;4;20,422515
12/06/2019 00:00:00;*;*;12/6/2019;AMAZONAS;Norte;*;*;4;19,9361
13/06/2019 00:00:00;*;*;13/6/2019;AMAZONAS;Norte;*;*;4;20,274312
14/06/2019 00:00:00;*;*;14/6/2019;AMAZONAS;Norte;*;*;4;21,745527
15/06/2019 00:00:00;*;*;15/6/2019;AMAZONAS;Norte;*;*;4;20,806016
16/06/2019 00:00:00;*;*;16/6/2019;AMAZONAS;Norte;*;*;4;19,685235
17/06/2019 00:00:00;*;*;17/6/2019;AMAZONAS;Norte;*;*;4;21,424464
18/06/2019 00:00:00;*;*;18/6/2019;AMAZONAS;Norte;*;*;4;21,486822
19/06/2019 00:00:00;*;*;19/6/2019;AMAZONAS;Norte;*;*;4;22,232968
20/06/2019 00:00:00;*;*;20/6/2019;AMAZONAS;Norte;*;*;4;20,642232
21/06/2019 00:00:00;*;*;21/6/2019;AMAZONAS;Norte;*;*;4;20,514958
22/06/2019 00:00:00;*;*;22/6/2019;AMAZONAS;Norte;*;*;4;21,423021
23/06/2019 00:00:00;*;*;23/6/2019;AMAZONAS;Norte;*;*;4;18,356469
24/06/2019 00:00:00;*;*;24/6/2019;AMAZONAS;Norte;*;*;4;25,263693
25/06/2019 00:00:00;*;*;25/6/2019;AMAZONAS;Norte;*;*;4;25,028653
26/06/2019 00:00:00;*;*;26/6/2019;AMAZONAS;Norte;*;*;4;25,467245
27/06/2019 00:00:00;*;*;27/6/2019;AMAZONAS;Norte;*;*;4;24,780598
28/06/2019 00:00:00;*;*;28/6/2019;AMAZONAS;Norte;*;*;4;24,303976
29/06/2019 00:00:00;*;*;29/6/2019;AMAZONAS;Norte;*;*;4;24,530587
30/06/2019 00:00:00;*;*;30/6/2019;AMAZONAS;Norte;*;*;4;17,092174
01/07/2019 00:00:00;*;*;1/7/2019;AMAZONAS;Norte;*;*;4;21,146089
02/07/2019 00:00:00;*;*;2/7/2019;AMAZONAS;Norte;*;*;4;25,685446
03/07/2019 00:00:00;*;*;3/7/2019;AMAZONAS;Norte;*;*;4;27,617626
04/07/2019 00:00:00;*;*;4/7/2019;AMAZONAS;Norte;*;*;4;27,774042
05/07/2019 00:00:00;*;*;5/7/2019;AMAZONAS;Norte;*;*;4;27,417811
06/07/2019 00:00:00;*;*;6/7/2019;AMAZONAS;Norte;*;*;4;21,3371
07/07/2019 00:00:00;*;*;7/7/2019;AMAZONAS;Norte;*;*;4;21,234889
08/07/2019 00:00:00;*;*;8/7/2019;AMAZONAS;Norte;*;*;4;23,26764
09/07/2019 00:00:00;*;*;9/7/2019;AMAZONAS;Norte;*;*;4;25,072692
10/07/2019 00:00:00;*;*;10/7/2019;AMAZONAS;Norte;*;*;4;20,969665
11/07/2019 00:00:00;*;*;11/7/2019;AMAZONAS;Norte;*;*;4;22,16353
12/07/2019 00:00:00;*;*;12/7/2019;AMAZONAS;Norte;*;*;4;24,999098
13/07/2019 00:00:00;*;*;13/7/2019;AMAZONAS;Norte;*;*;4;19,695824
14/07/2019 00:00:00;*;*;14/7/2019;AMAZONAS;Norte;*;*;4;19,863353
15/07/2019 00:00:00;*;*;15/7/2019;AMAZONAS;Norte;*;*;4;25,719748
16/07/2019 00:00:00;*;*;16/7/2019;AMAZONAS;Norte;*;*;4;27,313668
17/07/2019 00:00:00;*;*;17/7/2019;AMAZONAS;Norte;*;*;4;26,888408
18/07/2019 00:00:00;*;*;18/7/2019;AMAZONAS;Norte;*;*;4;23,408282
19/07/2019 00:00:00;*;*;19/7/2019;AMAZONAS;Norte;*;*;4;23,109781
20/07/2019 00:00:00;*;*;20/7/2019;AMAZONAS;Norte;*;*;4;21,261432
21/07/2019 00:00:00;*;*;21/7/2019;AMAZONAS;Norte;*;*;4;22,875462
22/07/2019 00:00:00;*;*;22/7/2019;AMAZONAS;Norte;*;*;4;20,976071
23/07/2019 00:00:00;*;*;23/7/2019;AMAZONAS;Norte;*;*;4;18,764586
24/07/2019 00:00:00;*;*;24/7/2019;AMAZONAS;Norte;*;*;4;23,995854
25/07/2019 00:00:00;*;*;25/7/2019;AMAZONAS;Norte;*;*;4;24,930833
26/07/2019 00:00:00;*;*;26/7/2019;AMAZONAS;Norte;*;*;4;22,241488
27/07/2019 00:00:00;*;*;27/7/2019;AMAZONAS;Norte;*;*;4;22,286422
28/07/2019 00:00:00;*;*;28/7/2019;AMAZONAS;Norte;*;*;4;23,443281
29/07/2019 00:00:00;*;*;29/7/2019;AMAZONAS;Norte;*;*;4;25,437209
30/07/2019 00:00:00;*;*;30/7/2019;AMAZONAS;Norte;*;*;4;27,28878
31/07/2019 00:00:00;*;*;31/7/2019;AMAZONAS;Norte;*;*;4;23,635689
01/08/2019 00:00:00;*;*;1/8/2019;AMAZONAS;Norte;*;*;4;23,001705
02/08/2019 00:00:00;*;*;2/8/2019;AMAZONAS;Norte;*;*;4;25,474764
03/08/2019 00:00:00;*;*;3/8/2019;AMAZONAS;Norte;*;*;4;24,664564
04/08/2019 00:00:00;*;*;4/8/2019;AMAZONAS;Norte;*;*;4;24,106009
05/08/2019 00:00:00;*;*;5/8/2019;AMAZONAS;Norte;*;*;4;26,723755
06/08/2019 00:00:00;*;*;6/8/2019;AMAZONAS;Norte;*;*;4;27,690931
07/08/2019 00:00:00;*;*;7/8/2019;AMAZONAS;Norte;*;*;4;27,617938
08/08/2019 00:00:00;*;*;8/8/2019;AMAZONAS;Norte;*;*;4;27,46239
09/08/2019 00:00:00;*;*;9/8/2019;AMAZONAS;Norte;*;*;4;25,98266
10/08/2019 00:00:00;*;*;10/8/2019;AMAZONAS;Norte;*;*;4;26,910017
11/08/2019 00:00:00;*;*;11/8/2019;AMAZONAS;Norte;*;*;4;24,614836
12/08/2019 00:00:00;*;*;12/8/2019;AMAZONAS;Norte;*;*;4;27,186959
13/08/2019 00:00:00;*;*;13/8/2019;AMAZONAS;Norte;*;*;4;23,876765
14/08/2019 00:00:00;*;*;14/8/2019;AMAZONAS;Norte;*;*;4;27,757909
15/08/2019 00:00:00;*;*;15/8/2019;AMAZONAS;Norte;*;*;4;23,157382
16/08/2019 00:00:00;*;*;16/8/2019;AMAZONAS;Norte;*;*;4;26,168356
17/08/2019 00:00:00;*;*;17/8/2019;AMAZONAS;Norte;*;*;4;26,957899
18/08/2019 00:00:00;*;*;18/8/2019;AMAZONAS;Norte;*;*;4;16,995476
19/08/2019 00:00:00;*;*;19/8/2019;AMAZONAS;Norte;*;*;4;20,713829
20/08/2019 00:00:00;*;*;20/8/2019;AMAZONAS;Norte;*;*;4;26,927468
21/08/2019 00:00:00;*;*;21/8/2019;AMAZONAS;Norte;*;*;4;26,925489
22/08/2019 00:00:00;*;*;22/8/2019;AMAZONAS;Norte;*;*;4;26,802099
23/08/2019 00:00:00;*;*;23/8/2019;AMAZONAS;Norte;*;*;4;27,036785
24/08/2019 00:00:00;*;*;24/8/2019;AMAZONAS;Norte;*;*;4;24,82907
25/08/2019 00:00:00;*;*;25/8/2019;AMAZONAS;Norte;*;*;4;20,325966
26/08/2019 00:00:00;*;*;26/8/2019;AMAZONAS;Norte;*;*;4;25,884711
27/08/2019 00:00:00;*;*;27/8/2019;AMAZONAS;Norte;*;*;4;26,0687
28/08/2019 00:00:00;*;*;28/8/2019;AMAZONAS;Norte;*;*;4;26,066085
29/08/2019 00:00:00;*;*;29/8/2019;AMAZONAS;Norte;*;*;4;25,439035
30/08/2019 00:00:00;*;*;30/8/2019;AMAZONAS;Norte;*;*;4;26,165893
31/08/2019 00:00:00;*;*;31/8/2019;AMAZONAS;Norte;*;*;4;25,168506
01/09/2019 00:00:00;*;*;1/9/2019;AMAZONAS;Norte;*;*;4;25,306342
02/09/2019 00:00:00;*;*;2/9/2019;AMAZONAS;Norte;*;*;4;25,98419
03/09/2019 00:00:00;*;*;3/9/2019;AMAZONAS;Norte;*;*;4;27,14934
04/09/2019 00:00:00;*;*;4/9/2019;AMAZONAS;Norte;*;*;4;27,360609
05/09/2019 00:00:00;*;*;5/9/2019;AMAZONAS;Norte;*;*;4;27,144745
06/09/2019 00:00:00;*;*;6/9/2019;AMAZONAS;Norte;*;*;4;26,924414
07/09/2019 00:00:00;*;*;7/9/2019;AMAZONAS;Norte;*;*;4;25,342132
08/09/2019 00:00:00;*;*;8/9/2019;AMAZONAS;Norte;*;*;4;25,503502
09/09/2019 00:00:00;*;*;9/9/2019;AMAZONAS;Norte;*;*;4;25,819545
10/09/2019 00:00:00;*;*;10/9/2019;AMAZONAS;Norte;*;*;4;24,291162
11/09/2019 00:00:00;*;*;11/9/2019;AMAZONAS;Norte;*;*;4;28,792003
12/09/2019 00:00:00;*;*;12/9/2019;AMAZONAS;Norte;*;*;4;29,528033
13/09/2019 00:00:00;*;*;13/9/2019;AMAZONAS;Norte;*;*;4;22,695624
14/09/2019 00:00:00;*;*;14/9/2019;AMAZONAS;Norte;*;*;4;23,60881
15/09/2019 00:00:00;*;*;15/9/2019;AMAZONAS;Norte;*;*;4;23,072421
16/09/2019 00:00:00;*;*;16/9/2019;AMAZONAS;Norte;*;*;4;28,534155
17/09/2019 00:00:00;*;*;17/9/2019;AMAZONAS;Norte;*;*;4;30,137351
18/09/2019 00:00:00;*;*;18/9/2019;AMAZONAS;Norte;*;*;4;29,79473
19/09/2019 00:00:00;*;*;19/9/2019;AMAZONAS;Norte;*;*;4;29,821611
20/09/2019 00:00:00;*;*;20/9/2019;AMAZONAS;Norte;*;*;4;21,310192
21/09/2019 00:00:00;*;*;21/9/2019;AMAZONAS;Norte;*;*;4;20,435174
22/09/2019 00:00:00;*;*;22/9/2019;AMAZONAS;Norte;*;*;4;22,987933
23/09/2019 00:00:00;*;*;23/9/2019;AMAZONAS;Norte;*;*;4;22,904539
24/09/2019 00:00:00;*;*;24/9/2019;AMAZONAS;Norte;*;*;4;22,492375
25/09/2019 00:00:00;*;*;25/9/2019;AMAZONAS;Norte;*;*;4;23,001371
26/09/2019 00:00:00;*;*;26/9/2019;AMAZONAS;Norte;*;*;4;29,977328
27/09/2019 00:00:00;*;*;27/9/2019;AMAZONAS;Norte;*;*;4;29,872029
28/09/2019 00:00:00;*;*;28/9/2019;AMAZONAS;Norte;*;*;4;28,986412
29/09/2019 00:00:00;*;*;29/9/2019;AMAZONAS;Norte;*;*;4;20,502284
30/09/2019 00:00:00;*;*;30/9/2019;AMAZONAS;Norte;*;*;4;26,246761
01/10/2019 00:00:00;*;*;1/10/2019;AMAZONAS;Norte;*;*;4;25,808639
02/10/2019 00:00:00;*;*;2/10/2019;AMAZONAS;Norte;*;*;4;26,984895
03/10/2019 00:00:00;*;*;3/10/2019;AMAZONAS;Norte;*;*;4;29,102069
04/10/2019 00:00:00;*;*;4/10/2019;AMAZONAS;Norte;*;*;4;29,636844
05/10/2019 00:00:00;*;*;5/10/2019;AMAZONAS;Norte;*;*;4;24,272993
06/10/2019 00:00:00;*;*;6/10/2019;AMAZONAS;Norte;*;*;4;24,768932
07/10/2019 00:00:00;*;*;7/10/2019;AMAZONAS;Norte;*;*;4;28,102433
08/10/2019 00:00:00;*;*;8/10/2019;AMAZONAS;Norte;*;*;4;29,453642
09/10/2019 00:00:00;*;*;9/10/2019;AMAZONAS;Norte;*;*;4;30,136059
10/10/2019 00:00:00;*;*;10/10/2019;AMAZONAS;Norte;*;*;4;28,434764
11/10/2019 00:00:00;*;*;11/10/2019;AMAZONAS;Norte;*;*;4;30,075484
12/10/2019 00:00:00;*;*;12/10/2019;AMAZONAS;Norte;*;*;4;25,379554
13/10/2019 00:00:00;*;*;13/10/2019;AMAZONAS;Norte;*;*;4;29,487852
14/10/2019 00:00:00;*;*;14/10/2019;AMAZONAS;Norte;*;*;4;30,091485
15/10/2019 00:00:00;*;*;15/10/2019;AMAZONAS;Norte;*;*;4;30,054574
16/10/2019 00:00:00;*;*;16/10/2019;AMAZONAS;Norte;*;*;4;29,389795
17/10/2019 00:00:00;*;*;17/10/2019;AMAZONAS;Norte;*;*;4;24,520218
18/10/2019 00:00:00;*;*;18/10/2019;AMAZONAS;Norte;*;*;4;30,108237
19/10/2019 00:00:00;*;*;19/10/2019;AMAZONAS;Norte;*;*;4;22,72321
20/10/2019 00:00:00;*;*;20/10/2019;AMAZONAS;Norte;*;*;4;22,910579
21/10/2019 00:00:00;*;*;21/10/2019;AMAZONAS;Norte;*;*;4;22,962568
22/10/2019 00:00:00;*;*;22/10/2019;AMAZONAS;Norte;*;*;4;22,770673
23/10/2019 00:00:00;*;*;23/10/2019;AMAZONAS;Norte;*;*;4;21,072907
24/10/2019 00:00:00;*;*;24/10/2019;AMAZONAS;Norte;*;*;4;25,039837
25/10/2019 00:00:00;*;*;25/10/2019;AMAZONAS;Norte;*;*;4;29,89225
26/10/2019 00:00:00;*;*;26/10/2019;AMAZONAS;Norte;*;*;4;29,811513
27/10/2019 00:00:00;*;*;27/10/2019;AMAZONAS;Norte;*;*;4;28,648024
28/10/2019 00:00:00;*;*;28/10/2019;AMAZONAS;Norte;*;*;4;29,385751
29/10/2019 00:00:00;*;*;29/10/2019;AMAZONAS;Norte;*;*;4;29,182959
30/10/2019 00:00:00;*;*;30/10/2019;AMAZONAS;Norte;*;*;4;28,917758
31/10/2019 00:00:00;*;*;31/10/2019;AMAZONAS;Norte;*;*;4;28,790738
01/11/2019 00:00:00;*;*;1/11/2019;AMAZONAS;Norte;*;*;4;29,336976
02/11/2019 00:00:00;*;*;2/11/2019;AMAZONAS;Norte;*;*;4;29,447331
03/11/2019 00:00:00;*;*;3/11/2019;AMAZONAS;Norte;*;*;4;28,082475
04/11/2019 00:00:00;*;*;4/11/2019;AMAZONAS;Norte;*;*;4;29,527433
05/11/2019 00:00:00;*;*;5/11/2019;AMAZONAS;Norte;*;*;4;29,45277
06/11/2019 00:00:00;*;*;6/11/2019;AMAZONAS;Norte;*;*;4;29,477182
07/11/2019 00:00:00;*;*;7/11/2019;AMAZONAS;Norte;*;*;4;29,907592
08/11/2019 00:00:00;*;*;8/11/2019;AMAZONAS;Norte;*;*;4;29,852473
09/11/2019 00:00:00;*;*;9/11/2019;AMAZONAS;Norte;*;*;4;29,975415
10/11/2019 00:00:00;*;*;10/11/2019;AMAZONAS;Norte;*;*;4;28,519448
11/11/2019 00:00:00;*;*;11/11/2019;AMAZONAS;Norte;*;*;4;29,897494
12/11/2019 00:00:00;*;*;12/11/2019;AMAZONAS;Norte;*;*;4;28,380159
13/11/2019 00:00:00;*;*;13/11/2019;AMAZONAS;Norte;*;*;4;30,005215
14/11/2019 00:00:00;*;*;14/11/2019;AMAZONAS;Norte;*;*;4;29,37353
15/11/2019 00:00:00;*;*;15/11/2019;AMAZONAS;Norte;*;*;4;29,205495
16/11/2019 00:00:00;*;*;16/11/2019;AMAZONAS;Norte;*;*;4;30,041554
17/11/2019 00:00:00;*;*;17/11/2019;AMAZONAS;Norte;*;*;4;30,064752
18/11/2019 00:00:00;*;*;18/11/2019;AMAZONAS;Norte;*;*;4;29,987057
19/11/2019 00:00:00;*;*;19/11/2019;AMAZONAS;Norte;*;*;4;29,469335
20/11/2019 00:00:00;*;*;20/11/2019;AMAZONAS;Norte;*;*;4;29,094903
21/11/2019 00:00:00;*;*;21/11/2019;AMAZONAS;Norte;*;*;4;28,994765
22/11/2019 00:00:00;*;*;22/11/2019;AMAZONAS;Norte;*;*;4;29,214091
23/11/2019 00:00:00;*;*;23/11/2019;AMAZONAS;Norte;*;*;4;29,388956
24/11/2019 00:00:00;*;*;24/11/2019;AMAZONAS;Norte;*;*;4;29,387442
25/11/2019 00:00:00;*;*;25/11/2019;AMAZONAS;Norte;*;*;4;28,941312
26/11/2019 00:00:00;*;*;26/11/2019;AMAZONAS;Norte;*;*;4;28,848887
27/11/2019 00:00:00;*;*;27/11/2019;AMAZONAS;Norte;*;*;4;28,630551
28/11/2019 00:00:00;*;*;28/11/2019;AMAZONAS;Norte;*;*;4;28,75367
29/11/2019 00:00:00;*;*;29/11/2019;AMAZONAS;Norte;*;*;4;28,868309
30/11/2019 00:00:00;*;*;30/11/2019;AMAZONAS;Norte;*;*;4;28,883241
01/12/2019 00:00:00;*;*;1/12/2019;AMAZONAS;Norte;*;*;4;28,411343
02/12/2019 00:00:00;*;*;2/12/2019;AMAZONAS;Norte;*;*;4;29,491208
03/12/2019 00:00:00;*;*;3/12/2019;AMAZONAS;Norte;*;*;4;28,878155
04/12/2019 00:00:00;*;*;4/12/2019;AMAZONAS;Norte;*;*;4;29,9492
05/12/2019 00:00:00;*;*;5/12/2019;AMAZONAS;Norte;*;*;4;28,824926
06/12/2019 00:00:00;*;*;6/12/2019;AMAZONAS;Norte;*;*;4;29,290698
07/12/2019 00:00:00;*;*;7/12/2019;AMAZONAS;Norte;*;*;4;22,444468
08/12/2019 00:00:00;*;*;8/12/2019;AMAZONAS;Norte;*;*;4;20,681037
09/12/2019 00:00:00;*;*;9/12/2019;AMAZONAS;Norte;*;*;4;22,021117
10/12/2019 00:00:00;*;*;10/12/2019;AMAZONAS;Norte;*;*;4;22,062661
11/12/2019 00:00:00;*;*;11/12/2019;AMAZONAS;Norte;*;*;4;28,566589
12/12/2019 00:00:00;*;*;12/12/2019;AMAZONAS;Norte;*;*;4;29,02279
13/12/2019 00:00:00;*;*;13/12/2019;AMAZONAS;Norte;*;*;4;29,033424
14/12/2019 00:00:00;*;*;14/12/2019;AMAZONAS;Norte;*;*;4;28,919358
15/12/2019 00:00:00;*;*;15/12/2019;AMAZONAS;Norte;*;*;4;28,990767
16/12/2019 00:00:00;*;*;16/12/2019;AMAZONAS;Norte;*;*;4;27,975947
17/12/2019 00:00:00;*;*;17/12/2019;AMAZONAS;Norte;*;*;4;28,940811
18/12/2019 00:00:00;*;*;18/12/2019;AMAZONAS;Norte;*;*;4;28,57292
19/12/2019 00:00:00;*;*;19/12/2019;AMAZONAS;Norte;*;*;4;28,783641
20/12/2019 00:00:00;*;*;20/12/2019;AMAZONAS;Norte;*;*;4;26,901063
21/12/2019 00:00:00;*;*;21/12/2019;AMAZONAS;Norte;*;*;4;28,511884
22/12/2019 00:00:00;*;*;22/12/2019;AMAZONAS;Norte;*;*;4;28,871255
23/12/2019 00:00:00;*;*;23/12/2019;AMAZONAS;Norte;*;*;4;29,392762
24/12/2019 00:00:00;*;*;24/12/2019;AMAZONAS;Norte;*;*;4;25,795678
25/12/2019 00:00:00;*;*;25/12/2019;AMAZONAS;Norte;*;*;4;25,219431
26/12/2019 00:00:00;*;*;26/12/2019;AMAZONAS;Norte;*;*;4;26,355139
27/12/2019 00:00:00;*;*;27/12/2019;AMAZONAS;Norte;*;*;4;27,250812
28/12/2019 00:00:00;*;*;28/12/2019;AMAZONAS;Norte;*;*;4;27,311534
29/12/2019 00:00:00;*;*;29/12/2019;AMAZONAS;Norte;*;*;4;27,449121
30/12/2019 00:00:00;*;*;30/12/2019;AMAZONAS;Norte;*;*;4;27,470946
31/12/2019 00:00:00;*;*;31/12/2019;AMAZONAS;Norte;*;*;4;27,326738
01/01/2020 00:00:00;*;*;1/1/2020;AMAZONAS;Norte;*;*;4;25,691538
02/01/2020 00:00:00;*;*;2/1/2020;AMAZONAS;Norte;*;*;4;26,296077
03/01/2020 00:00:00;*;*;3/1/2020;AMAZONAS;Norte;*;*;4;26,911667
04/01/2020 00:00:00;*;*;4/1/2020;AMAZONAS;Norte;*;*;4;26,380951
05/01/2020 00:00:00;*;*;5/1/2020;AMAZONAS;Norte;*;*;4;26,217026
06/01/2020 00:00:00;*;*;6/1/2020;AMAZONAS;Norte;*;*;4;26,62961
07/01/2020 00:00:00;*;*;7/1/2020;AMAZONAS;Norte;*;*;4;26,988717
08/01/2020 00:00:00;*;*;8/1/2020;AMAZONAS;Norte;*;*;4;27,308968
09/01/2020 00:00:00;*;*;9/1/2020;AMAZONAS;Norte;*;*;4;27,235152
10/01/2020 00:00:00;*;*;10/1/2020;AMAZONAS;Norte;*;*;4;27,216149
11/01/2020 00:00:00;*;*;11/1/2020;AMAZONAS;Norte;*;*;4;26,449785
12/01/2020 00:00:00;*;*;12/1/2020;AMAZONAS;Norte;*;*;4;26,708035
13/01/2020 00:00:00;*;*;13/1/2020;AMAZONAS;Norte;*;*;4;27,012984
14/01/2020 00:00:00;*;*;14/1/2020;AMAZONAS;Norte;*;*;4;27,039609
15/01/2020 00:00:00;*;*;15/1/2020;AMAZONAS;Norte;*;*;4;26,861818
16/01/2020 00:00:00;*;*;16/1/2020;AMAZONAS;Norte;*;*;4;26,995409
17/01/2020 00:00:00;*;*;17/1/2020;AMAZONAS;Norte;*;*;4;27,480656
18/01/2020 00:00:00;*;*;18/1/2020;AMAZONAS;Norte;*;*;4;26,302568
19/01/2020 00:00:00;*;*;19/1/2020;AMAZONAS;Norte;*;*;4;26,05027
20/01/2020 00:00:00;*;*;20/1/2020;AMAZONAS;Norte;*;*;4;27,119314
21/01/2020 00:00:00;*;*;21/1/2020;AMAZONAS;Norte;*;*;4;27,640818
22/01/2020 00:00:00;*;*;22/1/2020;AMAZONAS;Norte;*;*;4;27,109307
23/01/2020 00:00:00;*;*;23/1/2020;AMAZONAS;Norte;*;*;4;26,887264
24/01/2020 00:00:00;*;*;24/1/2020;AMAZONAS;Norte;*;*;4;26,395239
25/01/2020 00:00:00;*;*;25/1/2020;AMAZONAS;Norte;*;*;4;26,164259
26/01/2020 00:00:00;*;*;26/1/2020;AMAZONAS;Norte;*;*;4;25,165723
27/01/2020 00:00:00;*;*;27/1/2020;AMAZONAS;Norte;*;*;4;26,723657
28/01/2020 00:00:00;*;*;28/1/2020;AMAZONAS;Norte;*;*;4;27,037382
29/01/2020 00:00:00;*;*;29/1/2020;AMAZONAS;Norte;*;*;4;25,666973
30/01/2020 00:00:00;*;*;30/1/2020;AMAZONAS;Norte;*;*;4;25,667517
31/01/2020 00:00:00;*;*;31/1/2020;AMAZONAS;Norte;*;*;4;26,958923
01/02/2020 00:00:00;*;*;1/2/2020;AMAZONAS;Norte;*;*;4;19,995758
02/02/2020 00:00:00;*;*;2/2/2020;AMAZONAS;Norte;*;*;4;15,30336
03/02/2020 00:00:00;*;*;3/2/2020;AMAZONAS;Norte;*;*;4;20,440904
04/02/2020 00:00:00;*;*;4/2/2020;AMAZONAS;Norte;*;*;4;24,599336
05/02/2020 00:00:00;*;*;5/2/2020;AMAZONAS;Norte;*;*;4;26,059812
06/02/2020 00:00:00;*;*;6/2/2020;AMAZONAS;Norte;*;*;4;25,944099
07/02/2020 00:00:00;*;*;7/2/2020;AMAZONAS;Norte;*;*;4;25,936837
08/02/2020 00:00:00;*;*;8/2/2020;AMAZONAS;Norte;*;*;4;25,571917
09/02/2020 00:00:00;*;*;9/2/2020;AMAZONAS;Norte;*;*;4;21,199974
10/02/2020 00:00:00;*;*;10/2/2020;AMAZONAS;Norte;*;*;4;25,914874
11/02/2020 00:00:00;*;*;11/2/2020;AMAZONAS;Norte;*;*;4;26,057686
12/02/2020 00:00:00;*;*;12/2/2020;AMAZONAS;Norte;*;*;4;26,402736
13/02/2020 00:00:00;*;*;13/2/2020;AMAZONAS;Norte;*;*;4;26,330564
14/02/2020 00:00:00;*;*;14/2/2020;AMAZONAS;Norte;*;*;4;26,425499
15/02/2020 00:00:00;*;*;15/2/2020;AMAZONAS;Norte;*;*;4;25,937664
16/02/2020 00:00:00;*;*;16/2/2020;AMAZONAS;Norte;*;*;4;25,134929
17/02/2020 00:00:00;*;*;17/2/2020;AMAZONAS;Norte;*;*;4;24,458969
18/02/2020 00:00:00;*;*;18/2/2020;AMAZONAS;Norte;*;*;4;25,18476
19/02/2020 00:00:00;*;*;19/2/2020;AMAZONAS;Norte;*;*;4;25,474207
20/02/2020 00:00:00;*;*;20/2/2020;AMAZONAS;Norte;*;*;4;26,157859
21/02/2020 00:00:00;*;*;21/2/2020;AMAZONAS;Norte;*;*;4;26,197225
22/02/2020 00:00:00;*;*;22/2/2020;AMAZONAS;Norte;*;*;4;18,480513
23/02/2020 00:00:00;*;*;23/2/2020;AMAZONAS;Norte;*;*;4;17,40545
24/02/2020 00:00:00;*;*;24/2/2020;AMAZONAS;Norte;*;*;4;18,010096
25/02/2020 00:00:00;*;*;25/2/2020;AMAZONAS;Norte;*;*;4;17,532929
26/02/2020 00:00:00;*;*;26/2/2020;AMAZONAS;Norte;*;*;4;17,908383
27/02/2020 00:00:00;*;*;27/2/2020;AMAZONAS;Norte;*;*;4;20,861254
28/02/2020 00:00:00;*;*;28/2/2020;AMAZONAS;Norte;*;*;4;23,273157
29/02/2020 00:00:00;*;*;29/2/2020;AMAZONAS;Norte;*;*;4;17,830132
01/03/2020 00:00:00;*;*;1/3/2020;AMAZONAS;Norte;*;*;4;17,782679
02/03/2020 00:00:00;*;*;2/3/2020;AMAZONAS;Norte;*;*;4;18,16211
03/03/2020 00:00:00;*;*;3/3/2020;AMAZONAS;Norte;*;*;4;17,924224
04/03/2020 00:00:00;*;*;4/3/2020;AMAZONAS;Norte;*;*;4;17,627651
05/03/2020 00:00:00;*;*;5/3/2020;AMAZONAS;Norte;*;*;4;17,79063
06/03/2020 00:00:00;*;*;6/3/2020;AMAZONAS;Norte;*;*;4;18,156871
07/03/2020 00:00:00;*;*;7/3/2020;AMAZONAS;Norte;*;*;4;18,056578
08/03/2020 00:00:00;*;*;8/3/2020;AMAZONAS;Norte;*;*;4;18,06796
09/03/2020 00:00:00;*;*;9/3/2020;AMAZONAS;Norte;*;*;4;18,152327
10/03/2020 00:00:00;*;*;10/3/2020;AMAZONAS;Norte;*;*;4;18,09396
11/03/2020 00:00:00;*;*;11/3/2020;AMAZONAS;Norte;*;*;4;18,803488
12/03/2020 00:00:00;*;*;12/3/2020;AMAZONAS;Norte;*;*;4;18,527483
13/03/2020 00:00:00;*;*;13/3/2020;AMAZONAS;Norte;*;*;4;18,710345
14/03/2020 00:00:00;*;*;14/3/2020;AMAZONAS;Norte;*;*;4;17,554636
15/03/2020 00:00:00;*;*;15/3/2020;AMAZONAS;Norte;*;*;4;17,355628
16/03/2020 00:00:00;*;*;16/3/2020;AMAZONAS;Norte;*;*;4;17,575758
17/03/2020 00:00:00;*;*;17/3/2020;AMAZONAS;Norte;*;*;4;17,472216
18/03/2020 00:00:00;*;*;18/3/2020;AMAZONAS;Norte;*;*;4;17,615816
19/03/2020 00:00:00;*;*;19/3/2020;AMAZONAS;Norte;*;*;4;17,440879
20/03/2020 00:00:00;*;*;20/3/2020;AMAZONAS;Norte;*;*;4;17,37653
21/03/2020 00:00:00;*;*;21/3/2020;AMAZONAS;Norte;*;*;4;17,262432
22/03/2020 00:00:00;*;*;22/3/2020;AMAZONAS;Norte;*;*;4;15,452328
23/03/2020 00:00:00;*;*;23/3/2020;AMAZONAS;Norte;*;*;4;15,664094
24/03/2020 00:00:00;*;*;24/3/2020;AMAZONAS;Norte;*;*;4;15,799845
25/03/2020 00:00:00;*;*;25/3/2020;AMAZONAS;Norte;*;*;4;19,485699
26/03/2020 00:00:00;*;*;26/3/2020;AMAZONAS;Norte;*;*;4;21,933755
27/03/2020 00:00:00;*;*;27/3/2020;AMAZONAS;Norte;*;*;4;25,41407
28/03/2020 00:00:00;*;*;28/3/2020;AMAZONAS;Norte;*;*;4;24,628566
29/03/2020 00:00:00;*;*;29/3/2020;AMAZONAS;Norte;*;*;4;23,862526
30/03/2020 00:00:00;*;*;30/3/2020;AMAZONAS;Norte;*;*;4;23,376623
31/03/2020 00:00:00;*;*;31/3/2020;AMAZONAS;Norte;*;*;4;21,820096
01/04/2020 00:00:00;*;*;1/4/2020;AMAZONAS;Norte;*;*;4;22,942504
02/04/2020 00:00:00;*;*;2/4/2020;AMAZONAS;Norte;*;*;4;24,338998
03/04/2020 00:00:00;*;*;3/4/2020;AMAZONAS;Norte;*;*;4;24,712778
04/04/2020 00:00:00;*;*;4/4/2020;AMAZONAS;Norte;*;*;4;24,153984
05/04/2020 00:00:00;*;*;5/4/2020;AMAZONAS;Norte;*;*;4;24,201555
06/04/2020 00:00:00;*;*;6/4/2020;AMAZONAS;Norte;*;*;4;25,027803
07/04/2020 00:00:00;*;*;7/4/2020;AMAZONAS;Norte;*;*;4;24,793963
08/04/2020 00:00:00;*;*;8/4/2020;AMAZONAS;Norte;*;*;4;23,675059
09/04/2020 00:00:00;*;*;9/4/2020;AMAZONAS;Norte;*;*;4;22,098423
10/04/2020 00:00:00;*;*;10/4/2020;AMAZONAS;Norte;*;*;4;22,3749
11/04/2020 00:00:00;*;*;11/4/2020;AMAZONAS;Norte;*;*;4;21,923092
12/04/2020 00:00:00;*;*;12/4/2020;AMAZONAS;Norte;*;*;4;21,380922
13/04/2020 00:00:00;*;*;13/4/2020;AMAZONAS;Norte;*;*;4;21,847458
14/04/2020 00:00:00;*;*;14/4/2020;AMAZONAS;Norte;*;*;4;22,219905
15/04/2020 00:00:00;*;*;15/4/2020;AMAZONAS;Norte;*;*;4;23,262554
16/04/2020 00:00:00;*;*;16/4/2020;AMAZONAS;Norte;*;*;4;23,387102
17/04/2020 00:00:00;*;*;17/4/2020;AMAZONAS;Norte;*;*;4;22,90951
18/04/2020 00:00:00;*;*;18/4/2020;AMAZONAS;Norte;*;*;4;20,875017
19/04/2020 00:00:00;*;*;19/4/2020;AMAZONAS;Norte;*;*;4;20,631125
20/04/2020 00:00:00;*;*;20/4/2020;AMAZONAS;Norte;*;*;4;21,693767
21/04/2020 00:00:00;*;*;21/4/2020;AMAZONAS;Norte;*;*;4;22,135949
22/04/2020 00:00:00;*;*;22/4/2020;AMAZONAS;Norte;*;*;4;23,970508
23/04/2020 00:00:00;*;*;23/4/2020;AMAZONAS;Norte;*;*;4;23,377874
24/04/2020 00:00:00;*;*;24/4/2020;AMAZONAS;Norte;*;*;4;24,0367
25/04/2020 00:00:00;*;*;25/4/2020;AMAZONAS;Norte;*;*;4;20,77872
26/04/2020 00:00:00;*;*;26/4/2020;AMAZONAS;Norte;*;*;4;20,060045
27/04/2020 00:00:00;*;*;27/4/2020;AMAZONAS;Norte;*;*;4;23,230014
28/04/2020 00:00:00;*;*;28/4/2020;AMAZONAS;Norte;*;*;4;23,393912
29/04/2020 00:00:00;*;*;29/4/2020;AMAZONAS;Norte;*;*;4;24,282907
30/04/2020 00:00:00;*;*;30/4/2020;AMAZONAS;Norte;*;*;4;24,856075
01/05/2020 00:00:00;*;*;1/5/2020;AMAZONAS;Norte;*;*;4;23,859332
02/05/2020 00:00:00;*;*;2/5/2020;AMAZONAS;Norte;*;*;4;22,083369
03/05/2020 00:00:00;*;*;3/5/2020;AMAZONAS;Norte;*;*;4;21,171547
04/05/2020 00:00:00;*;*;4/5/2020;AMAZONAS;Norte;*;*;4;23,873772
05/05/2020 00:00:00;*;*;5/5/2020;AMAZONAS;Norte;*;*;4;24,316886
06/05/2020 00:00:00;*;*;6/5/2020;AMAZONAS;Norte;*;*;4;22,071015
07/05/2020 00:00:00;*;*;7/5/2020;AMAZONAS;Norte;*;*;4;22,322868
08/05/2020 00:00:00;*;*;8/5/2020;AMAZONAS;Norte;*;*;4;22,752858
09/05/2020 00:00:00;*;*;9/5/2020;AMAZONAS;Norte;*;*;4;23,155953
10/05/2020 00:00:00;*;*;10/5/2020;AMAZONAS;Norte;*;*;4;22,10882
11/05/2020 00:00:00;*;*;11/5/2020;AMAZONAS;Norte;*;*;4;23,793819
12/05/2020 00:00:00;*;*;12/5/2020;AMAZONAS;Norte;*;*;4;25,214445
13/05/2020 00:00:00;*;*;13/5/2020;AMAZONAS;Norte;*;*;4;24,053607
14/05/2020 00:00:00;*;*;14/5/2020;AMAZONAS;Norte;*;*;4;22,356632
15/05/2020 00:00:00;*;*;15/5/2020;AMAZONAS;Norte;*;*;4;23,673013
16/05/2020 00:00:00;*;*;16/5/2020;AMAZONAS;Norte;*;*;4;23,544347
17/05/2020 00:00:00;*;*;17/5/2020;AMAZONAS;Norte;*;*;4;22,63149
18/05/2020 00:00:00;*;*;18/5/2020;AMAZONAS;Norte;*;*;4;23,948415
19/05/2020 00:00:00;*;*;19/5/2020;AMAZONAS;Norte;*;*;4;22,822269
20/05/2020 00:00:00;*;*;20/5/2020;AMAZONAS;Norte;*;*;4;24,098431
21/05/2020 00:00:00;*;*;21/5/2020;AMAZONAS;Norte;*;*;4;25,518881
22/05/2020 00:00:00;*;*;22/5/2020;AMAZONAS;Norte;*;*;4;25,640273
23/05/2020 00:00:00;*;*;23/5/2020;AMAZONAS;Norte;*;*;4;23,646607
24/05/2020 00:00:00;*;*;24/5/2020;AMAZONAS;Norte;*;*;4;21,021595
25/05/2020 00:00:00;*;*;25/5/2020;AMAZONAS;Norte;*;*;4;23,486477
26/05/2020 00:00:00;*;*;26/5/2020;AMAZONAS;Norte;*;*;4;24,903829
27/05/2020 00:00:00;*;*;27/5/2020;AMAZONAS;Norte;*;*;4;25,68544
28/05/2020 00:00:00;*;*;28/5/2020;AMAZONAS;Norte;*;*;4;26,041785
29/05/2020 00:00:00;*;*;29/5/2020;AMAZONAS;Norte;*;*;4;26,061262
30/05/2020 00:00:00;*;*;30/5/2020;AMAZONAS;Norte;*;*;4;23,758979
31/05/2020 00:00:00;*;*;31/5/2020;AMAZONAS;Norte;*;*;4;23,280852
01/06/2020 00:00:00;*;*;1/6/2020;AMAZONAS;Norte;*;*;4;23,19376
02/06/2020 00:00:00;*;*;2/6/2020;AMAZONAS;Norte;*;*;4;24,100017
03/06/2020 00:00:00;*;*;3/6/2020;AMAZONAS;Norte;*;*;4;24,916463
04/06/2020 00:00:00;*;*;4/6/2020;AMAZONAS;Norte;*;*;4;23,390819
05/06/2020 00:00:00;*;*;5/6/2020;AMAZONAS;Norte;*;*;4;20,949828
06/06/2020 00:00:00;*;*;6/6/2020;AMAZONAS;Norte;*;*;4;24,175185
07/06/2020 00:00:00;*;*;7/6/2020;AMAZONAS;Norte;*;*;4;21,367902
08/06/2020 00:00:00;*;*;8/6/2020;AMAZONAS;Norte;*;*;4;24,702475
09/06/2020 00:00:00;*;*;9/6/2020;AMAZONAS;Norte;*;*;4;25,883483
10/06/2020 00:00:00;*;*;10/6/2020;AMAZONAS;Norte;*;*;4;26,118932
11/06/2020 00:00:00;*;*;11/6/2020;AMAZONAS;Norte;*;*;4;24,541331
12/06/2020 00:00:00;*;*;12/6/2020;AMAZONAS;Norte;*;*;4;23,185145
13/06/2020 00:00:00;*;*;13/6/2020;AMAZONAS;Norte;*;*;4;23,797067
14/06/2020 00:00:00;*;*;14/6/2020;AMAZONAS;Norte;*;*;4;23,385772
15/06/2020 00:00:00;*;*;15/6/2020;AMAZONAS;Norte;*;*;4;26,080186
16/06/2020 00:00:00;*;*;16/6/2020;AMAZONAS;Norte;*;*;4;26,51404
17/06/2020 00:00:00;*;*;17/6/2020;AMAZONAS;Norte;*;*;4;24,846828
18/06/2020 00:00:00;*;*;18/6/2020;AMAZONAS;Norte;*;*;4;25,462266
19/06/2020 00:00:00;*;*;19/6/2020;AMAZONAS;Norte;*;*;4;26,497848
20/06/2020 00:00:00;*;*;20/6/2020;AMAZONAS;Norte;*;*;4;25,522373
21/06/2020 00:00:00;*;*;21/6/2020;AMAZONAS;Norte;*;*;4;24,53174
22/06/2020 00:00:00;*;*;22/6/2020;AMAZONAS;Norte;*;*;4;26,6837
23/06/2020 00:00:00;*;*;23/6/2020;AMAZONAS;Norte;*;*;4;26,33776
24/06/2020 00:00:00;*;*;24/6/2020;AMAZONAS;Norte;*;*;4;26,302092
25/06/2020 00:00:00;*;*;25/6/2020;AMAZONAS;Norte;*;*;4;26,554947
26/06/2020 00:00:00;*;*;26/6/2020;AMAZONAS;Norte;*;*;4;26,759859
27/06/2020 00:00:00;*;*;27/6/2020;AMAZONAS;Norte;*;*;4;26,241581
28/06/2020 00:00:00;*;*;28/6/2020;AMAZONAS;Norte;*;*;4;24,177759
29/06/2020 00:00:00;*;*;29/6/2020;AMAZONAS;Norte;*;*;4;26,382162
30/06/2020 00:00:00;*;*;30/6/2020;AMAZONAS;Norte;*;*;4;25,750081
01/07/2020 00:00:00;*;*;1/7/2020;AMAZONAS;Norte;*;*;4;26,29546
02/07/2020 00:00:00;*;*;2/7/2020;AMAZONAS;Norte;*;*;4;26,626541
03/07/2020 00:00:00;*;*;3/7/2020;AMAZONAS;Norte;*;*;4;26,347562
04/07/2020 00:00:00;*;*;4/7/2020;AMAZONAS;Norte;*;*;4;25,377572
05/07/2020 00:00:00;*;*;5/7/2020;AMAZONAS;Norte;*;*;4;23,365304
06/07/2020 00:00:00;*;*;6/7/2020;AMAZONAS;Norte;*;*;4;25,85443
07/07/2020 00:00:00;*;*;7/7/2020;AMAZONAS;Norte;*;*;4;26,530963
08/07/2020 00:00:00;*;*;8/7/2020;AMAZONAS;Norte;*;*;4;20,84938
09/07/2020 00:00:00;*;*;9/7/2020;AMAZONAS;Norte;*;*;4;20,946413
10/07/2020 00:00:00;*;*;10/7/2020;AMAZONAS;Norte;*;*;4;20,916151
11/07/2020 00:00:00;*;*;11/7/2020;AMAZONAS;Norte;*;*;4;21,132521
12/07/2020 00:00:00;*;*;12/7/2020;AMAZONAS;Norte;*;*;4;21,254198
13/07/2020 00:00:00;*;*;13/7/2020;AMAZONAS;Norte;*;*;4;21,119433
14/07/2020 00:00:00;*;*;14/7/2020;AMAZONAS;Norte;*;*;4;20,828454
15/07/2020 00:00:00;*;*;15/7/2020;AMAZONAS;Norte;*;*;4;20,146451
16/07/2020 00:00:00;*;*;16/7/2020;AMAZONAS;Norte;*;*;4;20,577975
17/07/2020 00:00:00;*;*;17/7/2020;AMAZONAS;Norte;*;*;4;23,021564
18/07/2020 00:00:00;*;*;18/7/2020;AMAZONAS;Norte;*;*;4;23,009681
19/07/2020 00:00:00;*;*;19/7/2020;AMAZONAS;Norte;*;*;4;21,554329
20/07/2020 00:00:00;*;*;20/7/2020;AMAZONAS;Norte;*;*;4;22,484991
21/07/2020 00:00:00;*;*;21/7/2020;AMAZONAS;Norte;*;*;4;20,560874
22/07/2020 00:00:00;*;*;22/7/2020;AMAZONAS;Norte;*;*;4;18,929914
23/07/2020 00:00:00;*;*;23/7/2020;AMAZONAS;Norte;*;*;4;18,662403
24/07/2020 00:00:00;*;*;24/7/2020;AMAZONAS;Norte;*;*;4;18,287857
25/07/2020 00:00:00;*;*;25/7/2020;AMAZONAS;Norte;*;*;4;18,334294
26/07/2020 00:00:00;*;*;26/7/2020;AMAZONAS;Norte;*;*;4;18,676957
27/07/2020 00:00:00;*;*;27/7/2020;AMAZONAS;Norte;*;*;4;18,628871
28/07/2020 00:00:00;*;*;28/7/2020;AMAZONAS;Norte;*;*;4;19,830649
29/07/2020 00:00:00;*;*;29/7/2020;AMAZONAS;Norte;*;*;4;22,257706
30/07/2020 00:00:00;*;*;30/7/2020;AMAZONAS;Norte;*;*;4;24,72651
31/07/2020 00:00:00;*;*;31/7/2020;AMAZONAS;Norte;*;*;4;24,922485
01/08/2020 00:00:00;*;*;1/8/2020;AMAZONAS;Norte;*;*;4;25,094096
02/08/2020 00:00:00;*;*;2/8/2020;AMAZONAS;Norte;*;*;4;23,487464
03/08/2020 00:00:00;*;*;3/8/2020;AMAZONAS;Norte;*;*;4;25,316061
04/08/2020 00:00:00;*;*;4/8/2020;AMAZONAS;Norte;*;*;4;26,680217
05/08/2020 00:00:00;*;*;5/8/2020;AMAZONAS;Norte;*;*;4;25,703266
06/08/2020 00:00:00;*;*;6/8/2020;AMAZONAS;Norte;*;*;4;24,729712
07/08/2020 00:00:00;*;*;7/8/2020;AMAZONAS;Norte;*;*;4;26,153626
08/08/2020 00:00:00;*;*;8/8/2020;AMAZONAS;Norte;*;*;4;24,870876
09/08/2020 00:00:00;*;*;9/8/2020;AMAZONAS;Norte;*;*;4;25,047432
10/08/2020 00:00:00;*;*;10/8/2020;AMAZONAS;Norte;*;*;4;24,757254
11/08/2020 00:00:00;*;*;11/8/2020;AMAZONAS;Norte;*;*;4;24,247011
12/08/2020 00:00:00;*;*;12/8/2020;AMAZONAS;Norte;*;*;4;24,744977
13/08/2020 00:00:00;*;*;13/8/2020;AMAZONAS;Norte;*;*;4;26,279841
14/08/2020 00:00:00;*;*;14/8/2020;AMAZONAS;Norte;*;*;4;26,087453
15/08/2020 00:00:00;*;*;15/8/2020;AMAZONAS;Norte;*;*;4;24,747308
16/08/2020 00:00:00;*;*;16/8/2020;AMAZONAS;Norte;*;*;4;18,160459
17/08/2020 00:00:00;*;*;17/8/2020;AMAZONAS;Norte;*;*;4;24,545081
18/08/2020 00:00:00;*;*;18/8/2020;AMAZONAS;Norte;*;*;4;24,65297
19/08/2020 00:00:00;*;*;19/8/2020;AMAZONAS;Norte;*;*;4;22,613527
20/08/2020 00:00:00;*;*;20/8/2020;AMAZONAS;Norte;*;*;4;25,575792
21/08/2020 00:00:00;*;*;21/8/2020;AMAZONAS;Norte;*;*;4;26,734322
22/08/2020 00:00:00;*;*;22/8/2020;AMAZONAS;Norte;*;*;4;18,620621
23/08/2020 00:00:00;*;*;23/8/2020;AMAZONAS;Norte;*;*;4;17,24001
24/08/2020 00:00:00;*;*;24/8/2020;AMAZONAS;Norte;*;*;4;18,106415
25/08/2020 00:00:00;*;*;25/8/2020;AMAZONAS;Norte;*;*;4;19,125555
26/08/2020 00:00:00;*;*;26/8/2020;AMAZONAS;Norte;*;*;4;18,697248
27/08/2020 00:00:00;*;*;27/8/2020;AMAZONAS;Norte;*;*;4;18,930383
28/08/2020 00:00:00;*;*;28/8/2020;AMAZONAS;Norte;*;*;4;18,50079
29/08/2020 00:00:00;*;*;29/8/2020;AMAZONAS;Norte;*;*;4;18,240988
30/08/2020 00:00:00;*;*;30/8/2020;AMAZONAS;Norte;*;*;4;18,21901
31/08/2020 00:00:00;*;*;31/8/2020;AMAZONAS;Norte;*;*;4;21,208732
01/09/2020 00:00:00;*;*;1/9/2020;AMAZONAS;Norte;*;*;4;17,879903
02/09/2020 00:00:00;*;*;2/9/2020;AMAZONAS;Norte;*;*;4;18,910703
03/09/2020 00:00:00;*;*;3/9/2020;AMAZONAS;Norte;*;*;4;23,019566
04/09/2020 00:00:00;*;*;4/9/2020;AMAZONAS;Norte;*;*;4;26,207867
05/09/2020 00:00:00;*;*;5/9/2020;AMAZONAS;Norte;*;*;4;26,114446
06/09/2020 00:00:00;*;*;6/9/2020;AMAZONAS;Norte;*;*;4;21,609948
07/09/2020 00:00:00;*;*;7/9/2020;AMAZONAS;Norte;*;*;4;24,464738
08/09/2020 00:00:00;*;*;8/9/2020;AMAZONAS;Norte;*;*;4;21,585347
09/09/2020 00:00:00;*;*;9/9/2020;AMAZONAS;Norte;*;*;4;17,092995
10/09/2020 00:00:00;*;*;10/9/2020;AMAZONAS;Norte;*;*;4;21,634735
11/09/2020 00:00:00;*;*;11/9/2020;AMAZONAS;Norte;*;*;4;22,261458
12/09/2020 00:00:00;*;*;12/9/2020;AMAZONAS;Norte;*;*;4;22,256476
13/09/2020 00:00:00;*;*;13/9/2020;AMAZONAS;Norte;*;*;4;26,102466
14/09/2020 00:00:00;*;*;14/9/2020;AMAZONAS;Norte;*;*;4;28,030221
15/09/2020 00:00:00;*;*;15/9/2020;AMAZONAS;Norte;*;*;4;23,231043
16/09/2020 00:00:00;*;*;16/9/2020;AMAZONAS;Norte;*;*;4;25,187577
17/09/2020 00:00:00;*;*;17/9/2020;AMAZONAS;Norte;*;*;4;27,364784
18/09/2020 00:00:00;*;*;18/9/2020;AMAZONAS;Norte;*;*;4;28,460562
19/09/2020 00:00:00;*;*;19/9/2020;AMAZONAS;Norte;*;*;4;28,461178
20/09/2020 00:00:00;*;*;20/9/2020;AMAZONAS;Norte;*;*;4;27,762408
21/09/2020 00:00:00;*;*;21/9/2020;AMAZONAS;Norte;*;*;4;28,792264
22/09/2020 00:00:00;*;*;22/9/2020;AMAZONAS;Norte;*;*;4;28,405221
23/09/2020 00:00:00;*;*;23/9/2020;AMAZONAS;Norte;*;*;4;27,528072
24/09/2020 00:00:00;*;*;24/9/2020;AMAZONAS;Norte;*;*;4;28,525649
25/09/2020 00:00:00;*;*;25/9/2020;AMAZONAS;Norte;*;*;4;27,547558
26/09/2020 00:00:00;*;*;26/9/2020;AMAZONAS;Norte;*;*;4;24,623085
27/09/2020 00:00:00;*;*;27/9/2020;AMAZONAS;Norte;*;*;4;23,562691
28/09/2020 00:00:00;*;*;28/9/2020;AMAZONAS;Norte;*;*;4;27,843952
29/09/2020 00:00:00;*;*;29/9/2020;AMAZONAS;Norte;*;*;4;27,476058
30/09/2020 00:00:00;*;*;30/9/2020;AMAZONAS;Norte;*;*;4;28,255115
01/10/2020 00:00:00;*;*;1/10/2020;AMAZONAS;Norte;*;*;4;28,870847
02/10/2020 00:00:00;*;*;2/10/2020;AMAZONAS;Norte;*;*;4;28,537516
03/10/2020 00:00:00;*;*;3/10/2020;AMAZONAS;Norte;*;*;4;28,264843
04/10/2020 00:00:00;*;*;4/10/2020;AMAZONAS;Norte;*;*;4;25,78047
05/10/2020 00:00:00;*;*;5/10/2020;AMAZONAS;Norte;*;*;4;28,41172
06/10/2020 00:00:00;*;*;6/10/2020;AMAZONAS;Norte;*;*;4;26,695451
07/10/2020 00:00:00;*;*;7/10/2020;AMAZONAS;Norte;*;*;4;27,410969
08/10/2020 00:00:00;*;*;8/10/2020;AMAZONAS;Norte;*;*;4;28,283624
09/10/2020 00:00:00;*;*;9/10/2020;AMAZONAS;Norte;*;*;4;28,000057
10/10/2020 00:00:00;*;*;10/10/2020;AMAZONAS;Norte;*;*;4;25,795201
11/10/2020 00:00:00;*;*;11/10/2020;AMAZONAS;Norte;*;*;4;22,255047
12/10/2020 00:00:00;*;*;12/10/2020;AMAZONAS;Norte;*;*;4;22,642518
13/10/2020 00:00:00;*;*;13/10/2020;AMAZONAS;Norte;*;*;4;25,893655
14/10/2020 00:00:00;*;*;14/10/2020;AMAZONAS;Norte;*;*;4;22,825701
15/10/2020 00:00:00;*;*;15/10/2020;AMAZONAS;Norte;*;*;4;21,853651
16/10/2020 00:00:00;*;*;16/10/2020;AMAZONAS;Norte;*;*;4;24,682229
17/10/2020 00:00:00;*;*;17/10/2020;AMAZONAS;Norte;*;*;4;27,874639
18/10/2020 00:00:00;*;*;18/10/2020;AMAZONAS;Norte;*;*;4;26,410138
19/10/2020 00:00:00;*;*;19/10/2020;AMAZONAS;Norte;*;*;4;27,527887
20/10/2020 00:00:00;*;*;20/10/2020;AMAZONAS;Norte;*;*;4;27,991957
21/10/2020 00:00:00;*;*;21/10/2020;AMAZONAS;Norte;*;*;4;28,200621
22/10/2020 00:00:00;*;*;22/10/2020;AMAZONAS;Norte;*;*;4;27,561982
23/10/2020 00:00:00;*;*;23/10/2020;AMAZONAS;Norte;*;*;4;27,254423
24/10/2020 00:00:00;*;*;24/10/2020;AMAZONAS;Norte;*;*;4;24,177488
25/10/2020 00:00:00;*;*;25/10/2020;AMAZONAS;Norte;*;*;4;24,890789
26/10/2020 00:00:00;*;*;26/10/2020;AMAZONAS;Norte;*;*;4;27,263877
27/10/2020 00:00:00;*;*;27/10/2020;AMAZONAS;Norte;*;*;4;27,305311
28/10/2020 00:00:00;*;*;28/10/2020;AMAZONAS;Norte;*;*;4;27,419654
29/10/2020 00:00:00;*;*;29/10/2020;AMAZONAS;Norte;*;*;4;28,040638
30/10/2020 00:00:00;*;*;30/10/2020;AMAZONAS;Norte;*;*;4;27,587406
31/10/2020 00:00:00;*;*;31/10/2020;AMAZONAS;Norte;*;*;4;27,056573
01/11/2020 00:00:00;*;*;1/11/2020;AMAZONAS;Norte;*;*;4;23,061455
02/11/2020 00:00:00;*;*;2/11/2020;AMAZONAS;Norte;*;*;4;26,233902
03/11/2020 00:00:00;*;*;3/11/2020;AMAZONAS;Norte;*;*;4;27,84866
04/11/2020 00:00:00;*;*;4/11/2020;AMAZONAS;Norte;*;*;4;27,574124
05/11/2020 00:00:00;*;*;5/11/2020;AMAZONAS;Norte;*;*;4;27,674383
06/11/2020 00:00:00;*;*;6/11/2020;AMAZONAS;Norte;*;*;4;27,283731
07/11/2020 00:00:00;*;*;7/11/2020;AMAZONAS;Norte;*;*;4;27,653409
08/11/2020 00:00:00;*;*;8/11/2020;AMAZONAS;Norte;*;*;4;25,251917
09/11/2020 00:00:00;*;*;9/11/2020;AMAZONAS;Norte;*;*;4;27,854475
10/11/2020 00:00:00;*;*;10/11/2020;AMAZONAS;Norte;*;*;4;27,633149
11/11/2020 00:00:00;*;*;11/11/2020;AMAZONAS;Norte;*;*;4;27,968096
12/11/2020 00:00:00;*;*;12/11/2020;AMAZONAS;Norte;*;*;4;27,666637
13/11/2020 00:00:00;*;*;13/11/2020;AMAZONAS;Norte;*;*;4;27,726379
14/11/2020 00:00:00;*;*;14/11/2020;AMAZONAS;Norte;*;*;4;27,559407
15/11/2020 00:00:00;*;*;15/11/2020;AMAZONAS;Norte;*;*;4;25,272629
16/11/2020 00:00:00;*;*;16/11/2020;AMAZONAS;Norte;*;*;4;27,634239
17/11/2020 00:00:00;*;*;17/11/2020;AMAZONAS;Norte;*;*;4;27,815625
18/11/2020 00:00:00;*;*;18/11/2020;AMAZONAS;Norte;*;*;4;27,502136
19/11/2020 00:00:00;*;*;19/11/2020;AMAZONAS;Norte;*;*;4;27,560724
20/11/2020 00:00:00;*;*;20/11/2020;AMAZONAS;Norte;*;*;4;26,9039
21/11/2020 00:00:00;*;*;21/11/2020;AMAZONAS;Norte;*;*;4;23,238354
22/11/2020 00:00:00;*;*;22/11/2020;AMAZONAS;Norte;*;*;4;24,152471
23/11/2020 00:00:00;*;*;23/11/2020;AMAZONAS;Norte;*;*;4;27,71457
24/11/2020 00:00:00;*;*;24/11/2020;AMAZONAS;Norte;*;*;4;26,411789
25/11/2020 00:00:00;*;*;25/11/2020;AMAZONAS;Norte;*;*;4;26,514203
26/11/2020 00:00:00;*;*;26/11/2020;AMAZONAS;Norte;*;*;4;27,179057
27/11/2020 00:00:00;*;*;27/11/2020;AMAZONAS;Norte;*;*;4;27,279414
28/11/2020 00:00:00;*;*;28/11/2020;AMAZONAS;Norte;*;*;4;26,684498
29/11/2020 00:00:00;*;*;29/11/2020;AMAZONAS;Norte;*;*;4;23,936733
30/11/2020 00:00:00;*;*;30/11/2020;AMAZONAS;Norte;*;*;4;24,452159
01/12/2020 00:00:00;*;*;1/12/2020;AMAZONAS;Norte;*;*;4;25,424729
02/12/2020 00:00:00;*;*;2/12/2020;AMAZONAS;Norte;*;*;4;27,634538
03/12/2020 00:00:00;*;*;3/12/2020;AMAZONAS;Norte;*;*;4;27,585189
04/12/2020 00:00:00;*;*;4/12/2020;AMAZONAS;Norte;*;*;4;27,54439
05/12/2020 00:00:00;*;*;5/12/2020;AMAZONAS;Norte;*;*;4;27,428098
06/12/2020 00:00:00;*;*;6/12/2020;AMAZONAS;Norte;*;*;4;26,141458
07/12/2020 00:00:00;*;*;7/12/2020;AMAZONAS;Norte;*;*;4;24,755537
08/12/2020 00:00:00;*;*;8/12/2020;AMAZONAS;Norte;*;*;4;25,372224
09/12/2020 00:00:00;*;*;9/12/2020;AMAZONAS;Norte;*;*;4;27,052846
10/12/2020 00:00:00;*;*;10/12/2020;AMAZONAS;Norte;*;*;4;27,01352
11/12/2020 00:00:00;*;*;11/12/2020;AMAZONAS;Norte;*;*;4;27,132353
12/12/2020 00:00:00;*;*;12/12/2020;AMAZONAS;Norte;*;*;4;26,481291
13/12/2020 00:00:00;*;*;13/12/2020;AMAZONAS;Norte;*;*;4;26,279501
14/12/2020 00:00:00;*;*;14/12/2020;AMAZONAS;Norte;*;*;4;27,183046
15/12/2020 00:00:00;*;*;15/12/2020;AMAZONAS;Norte;*;*;4;24,935419
16/12/2020 00:00:00;*;*;16/12/2020;AMAZONAS;Norte;*;*;4;24,763612
17/12/2020 00:00:00;*;*;17/12/2020;AMAZONAS;Norte;*;*;4;25,958359
18/12/2020 00:00:00;*;*;18/12/2020;AMAZONAS;Norte;*;*;4;24,949207
19/12/2020 00:00:00;*;*;19/12/2020;AMAZONAS;Norte;*;*;4;23,977645
20/12/2020 00:00:00;*;*;20/12/2020;AMAZONAS;Norte;*;*;4;22,867287
21/12/2020 00:00:00;*;*;21/12/2020;AMAZONAS;Norte;*;*;4;24,590876
22/12/2020 00:00:00;*;*;22/12/2020;AMAZONAS;Norte;*;*;4;25,561536
23/12/2020 00:00:00;*;*;23/12/2020;AMAZONAS;Norte;*;*;4;25,534107
24/12/2020 00:00:00;*;*;24/12/2020;AMAZONAS;Norte;*;*;4;24,183042
25/12/2020 00:00:00;*;*;25/12/2020;AMAZONAS;Norte;*;*;4;22,435383
26/12/2020 00:00:00;*;*;26/12/2020;AMAZONAS;Norte;*;*;4;22,452993
27/12/2020 00:00:00;*;*;27/12/2020;AMAZONAS;Norte;*;*;4;22,889017
28/12/2020 00:00:00;*;*;28/12/2020;AMAZONAS;Norte;*;*;4;24,49237
29/12/2020 00:00:00;*;*;29/12/2020;AMAZONAS;Norte;*;*;4;24,524423
30/12/2020 00:00:00;*;*;30/12/2020;AMAZONAS;Norte;*;*;4;23,104828
31/12/2020 00:00:00;*;*;31/12/2020;AMAZONAS;Norte;*;*;4;23,170982
01/01/2021 00:00:00;*;*;1/1/2021;AMAZONAS;Norte;*;*;4;22,876548
02/01/2021 00:00:00;*;*;2/1/2021;AMAZONAS;Norte;*;*;4;24,64027
03/01/2021 00:00:00;*;*;3/1/2021;AMAZONAS;Norte;*;*;4;21,461506
04/01/2021 00:00:00;*;*;4/1/2021;AMAZONAS;Norte;*;*;4;23,42042
05/01/2021 00:00:00;*;*;5/1/2021;AMAZONAS;Norte;*;*;4;24,242198
06/01/2021 00:00:00;*;*;6/1/2021;AMAZONAS;Norte;*;*;4;24,26029
07/01/2021 00:00:00;*;*;7/1/2021;AMAZONAS;Norte;*;*;4;24,438743
08/01/2021 00:00:00;*;*;8/1/2021;AMAZONAS;Norte;*;*;4;24,468529
09/01/2021 00:00:00;*;*;9/1/2021;AMAZONAS;Norte;*;*;4;22,918686
10/01/2021 00:00:00;*;*;10/1/2021;AMAZONAS;Norte;*;*;4;21,40107
11/01/2021 00:00:00;*;*;11/1/2021;AMAZONAS;Norte;*;*;4;23,188436
12/01/2021 00:00:00;*;*;12/1/2021;AMAZONAS;Norte;*;*;4;24,41881
13/01/2021 00:00:00;*;*;13/1/2021;AMAZONAS;Norte;*;*;4;24,584808
14/01/2021 00:00:00;*;*;14/1/2021;AMAZONAS;Norte;*;*;4;24,128374
15/01/2021 00:00:00;*;*;15/1/2021;AMAZONAS;Norte;*;*;4;22,547007
16/01/2021 00:00:00;*;*;16/1/2021;AMAZONAS;Norte;*;*;4;22,821112
17/01/2021 00:00:00;*;*;17/1/2021;AMAZONAS;Norte;*;*;4;23,467538
18/01/2021 00:00:00;*;*;18/1/2021;AMAZONAS;Norte;*;*;4;23,886394
19/01/2021 00:00:00;*;*;19/1/2021;AMAZONAS;Norte;*;*;4;23,916666
20/01/2021 00:00:00;*;*;20/1/2021;AMAZONAS;Norte;*;*;4;22,455709
21/01/2021 00:00:00;*;*;21/1/2021;AMAZONAS;Norte;*;*;4;22,101859
22/01/2021 00:00:00;*;*;22/1/2021;AMAZONAS;Norte;*;*;4;24,064171
23/01/2021 00:00:00;*;*;23/1/2021;AMAZONAS;Norte;*;*;4;24,344743
24/01/2021 00:00:00;*;*;24/1/2021;AMAZONAS;Norte;*;*;4;23,330523
25/01/2021 00:00:00;*;*;25/1/2021;AMAZONAS;Norte;*;*;4;24,001792
26/01/2021 00:00:00;*;*;26/1/2021;AMAZONAS;Norte;*;*;4;23,362297
27/01/2021 00:00:00;*;*;27/1/2021;AMAZONAS;Norte;*;*;4;22,528331
28/01/2021 00:00:00;*;*;28/1/2021;AMAZONAS;Norte;*;*;4;22,316018
29/01/2021 00:00:00;*;*;29/1/2021;AMAZONAS;Norte;*;*;4;21,606677
30/01/2021 00:00:00;*;*;30/1/2021;AMAZONAS;Norte;*;*;4;20,137513
31/01/2021 00:00:00;*;*;31/1/2021;AMAZONAS;Norte;*;*;4;22,103055
01/02/2021 00:00:00;*;*;1/2/2021;AMAZONAS;Norte;*;*;4;24,910229
02/02/2021 00:00:00;*;*;2/2/2021;AMAZONAS;Norte;*;*;4;24,14827
03/02/2021 00:00:00;*;*;3/2/2021;AMAZONAS;Norte;*;*;4;23,173112
04/02/2021 00:00:00;*;*;4/2/2021;AMAZONAS;Norte;*;*;4;25,66613
05/02/2021 00:00:00;*;*;5/2/2021;AMAZONAS;Norte;*;*;4;26,333276
06/02/2021 00:00:00;*;*;6/2/2021;AMAZONAS;Norte;*;*;4;23,375564
07/02/2021 00:00:00;*;*;7/2/2021;AMAZONAS;Norte;*;*;4;21,869725
08/02/2021 00:00:00;*;*;8/2/2021;AMAZONAS;Norte;*;*;4;23,66705
09/02/2021 00:00:00;*;*;9/2/2021;AMAZONAS;Norte;*;*;4;24,703644
10/02/2021 00:00:00;*;*;10/2/2021;AMAZONAS;Norte;*;*;4;25,279392
11/02/2021 00:00:00;*;*;11/2/2021;AMAZONAS;Norte;*;*;4;25,976613
12/02/2021 00:00:00;*;*;12/2/2021;AMAZONAS;Norte;*;*;4;24,956882
13/02/2021 00:00:00;*;*;13/2/2021;AMAZONAS;Norte;*;*;4;21,232069
14/02/2021 00:00:00;*;*;14/2/2021;AMAZONAS;Norte;*;*;4;18,680598
15/02/2021 00:00:00;*;*;15/2/2021;AMAZONAS;Norte;*;*;4;21,060376
16/02/2021 00:00:00;*;*;16/2/2021;AMAZONAS;Norte;*;*;4;21,526862
17/02/2021 00:00:00;*;*;17/2/2021;AMAZONAS;Norte;*;*;4;23,640704
18/02/2021 00:00:00;*;*;18/2/2021;AMAZONAS;Norte;*;*;4;26,587846
19/02/2021 00:00:00;*;*;19/2/2021;AMAZONAS;Norte;*;*;4;27,336431
20/02/2021 00:00:00;*;*;20/2/2021;AMAZONAS;Norte;*;*;4;22,088495
21/02/2021 00:00:00;*;*;21/2/2021;AMAZONAS;Norte;*;*;4;21,583705
22/02/2021 00:00:00;*;*;22/2/2021;AMAZONAS;Norte;*;*;4;25,81373
23/02/2021 00:00:00;*;*;23/2/2021;AMAZONAS;Norte;*;*;4;26,765301
24/02/2021 00:00:00;*;*;24/2/2021;AMAZONAS;Norte;*;*;4;26,786506
25/02/2021 00:00:00;*;*;25/2/2021;AMAZONAS;Norte;*;*;4;24,367097
26/02/2021 00:00:00;*;*;26/2/2021;AMAZONAS;Norte;*;*;4;23,835158
27/02/2021 00:00:00;*;*;27/2/2021;AMAZONAS;Norte;*;*;4;24,033021
28/02/2021 00:00:00;*;*;28/2/2021;AMAZONAS;Norte;*;*;4;21,644375
01/03/2021 00:00:00;*;*;1/3/2021;AMAZONAS;Norte;*;*;4;23,928258
02/03/2021 00:00:00;*;*;2/3/2021;AMAZONAS;Norte;*;*;4;24,082691
03/03/2021 00:00:00;*;*;3/3/2021;AMAZONAS;Norte;*;*;4;22,846515
04/03/2021 00:00:00;*;*;4/3/2021;AMAZONAS;Norte;*;*;4;23,090688
05/03/2021 00:00:00;*;*;5/3/2021;AMAZONAS;Norte;*;*;4;24,137037
06/03/2021 00:00:00;*;*;6/3/2021;AMAZONAS;Norte;*;*;4;22,420092
07/03/2021 00:00:00;*;*;7/3/2021;AMAZONAS;Norte;*;*;4;21,813698
08/03/2021 00:00:00;*;*;8/3/2021;AMAZONAS;Norte;*;*;4;24,057632
09/03/2021 00:00:00;*;*;9/3/2021;AMAZONAS;Norte;*;*;4;22,800505
10/03/2021 00:00:00;*;*;10/3/2021;AMAZONAS;Norte;*;*;4;22,552554
11/03/2021 00:00:00;*;*;11/3/2021;AMAZONAS;Norte;*;*;4;22,650977
12/03/2021 00:00:00;*;*;12/3/2021;AMAZONAS;Norte;*;*;4;24,610789
13/03/2021 00:00:00;*;*;13/3/2021;AMAZONAS;Norte;*;*;4;23,385074
14/03/2021 00:00:00;*;*;14/3/2021;AMAZONAS;Norte;*;*;4;22,283641
15/03/2021 00:00:00;*;*;15/3/2021;AMAZONAS;Norte;*;*;4;25,520534
16/03/2021 00:00:00;*;*;16/3/2021;AMAZONAS;Norte;*;*;4;26,367289
17/03/2021 00:00:00;*;*;17/3/2021;AMAZONAS;Norte;*;*;4;26,320802
18/03/2021 00:00:00;*;*;18/3/2021;AMAZONAS;Norte;*;*;4;23,570869
19/03/2021 00:00:00;*;*;19/3/2021;AMAZONAS;Norte;*;*;4;24,86559
20/03/2021 00:00:00;*;*;20/3/2021;AMAZONAS;Norte;*;*;4;24,385729
21/03/2021 00:00:00;*;*;21/3/2021;AMAZONAS;Norte;*;*;4;21,788135
22/03/2021 00:00:00;*;*;22/3/2021;AMAZONAS;Norte;*;*;4;25,289817
23/03/2021 00:00:00;*;*;23/3/2021;AMAZONAS;Norte;*;*;4;25,577923
24/03/2021 00:00:00;*;*;24/3/2021;AMAZONAS;Norte;*;*;4;24,198052
25/03/2021 00:00:00;*;*;25/3/2021;AMAZONAS;Norte;*;*;4;25,690906
26/03/2021 00:00:00;*;*;26/3/2021;AMAZONAS;Norte;*;*;4;26,77906
27/03/2021 00:00:00;*;*;27/3/2021;AMAZONAS;Norte;*;*;4;25,573357
28/03/2021 00:00:00;*;*;28/3/2021;AMAZONAS;Norte;*;*;4;22,859116
29/03/2021 00:00:00;*;*;29/3/2021;AMAZONAS;Norte;*;*;4;26,085947
30/03/2021 00:00:00;*;*;30/3/2021;AMAZONAS;Norte;*;*;4;24,42221
31/03/2021 00:00:00;*;*;31/3/2021;AMAZONAS;Norte;*;*;4;23,172344
01/04/2021 00:00:00;*;*;1/4/2021;AMAZONAS;Norte;*;*;4;24,904785
02/04/2021 00:00:00;*;*;2/4/2021;AMAZONAS;Norte;*;*;4;23,391967
03/04/2021 00:00:00;*;*;3/4/2021;AMAZONAS;Norte;*;*;4;23,425123
04/04/2021 00:00:00;*;*;4/4/2021;AMAZONAS;Norte;*;*;4;23,39971
05/04/2021 00:00:00;*;*;5/4/2021;AMAZONAS;Norte;*;*;4;26,973379
06/04/2021 00:00:00;*;*;6/4/2021;AMAZONAS;Norte;*;*;4;26,797877
07/04/2021 00:00:00;*;*;7/4/2021;AMAZONAS;Norte;*;*;4;27,248485
08/04/2021 00:00:00;*;*;8/4/2021;AMAZONAS;Norte;*;*;4;27,235706
09/04/2021 00:00:00;*;*;9/4/2021;AMAZONAS;Norte;*;*;4;21,803793
10/04/2021 00:00:00;*;*;10/4/2021;AMAZONAS;Norte;*;*;4;20,761694
11/04/2021 00:00:00;*;*;11/4/2021;AMAZONAS;Norte;*;*;4;20,123899
12/04/2021 00:00:00;*;*;12/4/2021;AMAZONAS;Norte;*;*;4;21,2443
13/04/2021 00:00:00;*;*;13/4/2021;AMAZONAS;Norte;*;*;4;21,890969
14/04/2021 00:00:00;*;*;14/4/2021;AMAZONAS;Norte;*;*;4;20,609232
15/04/2021 00:00:00;*;*;15/4/2021;AMAZONAS;Norte;*;*;4;21,364868
16/04/2021 00:00:00;*;*;16/4/2021;AMAZONAS;Norte;*;*;4;20,581133
17/04/2021 00:00:00;*;*;17/4/2021;AMAZONAS;Norte;*;*;4;20,145404
18/04/2021 00:00:00;*;*;18/4/2021;AMAZONAS;Norte;*;*;4;17,46739
19/04/2021 00:00:00;*;*;19/4/2021;AMAZONAS;Norte;*;*;4;21,261752
20/04/2021 00:00:00;*;*;20/4/2021;AMAZONAS;Norte;*;*;4;22,617271
21/04/2021 00:00:00;*;*;21/4/2021;AMAZONAS;Norte;*;*;4;21,192697
22/04/2021 00:00:00;*;*;22/4/2021;AMAZONAS;Norte;*;*;4;20,567382
23/04/2021 00:00:00;*;*;23/4/2021;AMAZONAS;Norte;*;*;4;20,506039
24/04/2021 00:00:00;*;*;24/4/2021;AMAZONAS;Norte;*;*;4;18,820461
25/04/2021 00:00:00;*;*;25/4/2021;AMAZONAS;Norte;*;*;4;18,355305
26/04/2021 00:00:00;*;*;26/4/2021;AMAZONAS;Norte;*;*;4;21,82629
27/04/2021 00:00:00;*;*;27/4/2021;AMAZONAS;Norte;*;*;4;22,944148
28/04/2021 00:00:00;*;*;28/4/2021;AMAZONAS;Norte;*;*;4;23,961859
29/04/2021 00:00:00;*;*;29/4/2021;AMAZONAS;Norte;*;*;4;20,559234
30/04/2021 00:00:00;*;*;30/4/2021;AMAZONAS;Norte;*;*;4;24,23467
01/05/2021 00:00:00;*;*;1/5/2021;AMAZONAS;Norte;*;*;4;19,950997
02/05/2021 00:00:00;*;*;2/5/2021;AMAZONAS;Norte;*;*;4;21,007086
03/05/2021 00:00:00;*;*;3/5/2021;AMAZONAS;Norte;*;*;4;23,364333
04/05/2021 00:00:00;*;*;4/5/2021;AMAZONAS;Norte;*;*;4;22,913229
05/05/2021 00:00:00;*;*;5/5/2021;AMAZONAS;Norte;*;*;4;23,85542
06/05/2021 00:00:00;*;*;6/5/2021;AMAZONAS;Norte;*;*;4;24,881838
07/05/2021 00:00:00;*;*;7/5/2021;AMAZONAS;Norte;*;*;4;25,1714
08/05/2021 00:00:00;*;*;8/5/2021;AMAZONAS;Norte;*;*;4;20,263204
09/05/2021 00:00:00;*;*;9/5/2021;AMAZONAS;Norte;*;*;4;19,182708
10/05/2021 00:00:00;*;*;10/5/2021;AMAZONAS;Norte;*;*;4;21,323935
11/05/2021 00:00:00;*;*;11/5/2021;AMAZONAS;Norte;*;*;4;21,295823
12/05/2021 00:00:00;*;*;12/5/2021;AMAZONAS;Norte;*;*;4;20,215235
13/05/2021 00:00:00;*;*;13/5/2021;AMAZONAS;Norte;*;*;4;21,009405
14/05/2021 00:00:00;*;*;14/5/2021;AMAZONAS;Norte;*;*;4;21,480271
15/05/2021 00:00:00;*;*;15/5/2021;AMAZONAS;Norte;*;*;4;19,805673
16/05/2021 00:00:00;*;*;16/5/2021;AMAZONAS;Norte;*;*;4;18,088276
17/05/2021 00:00:00;*;*;17/5/2021;AMAZONAS;Norte;*;*;4;20,008076
18/05/2021 00:00:00;*;*;18/5/2021;AMAZONAS;Norte;*;*;4;21,711468
19/05/2021 00:00:00;*;*;19/5/2021;AMAZONAS;Norte;*;*;4;21,528842
20/05/2021 00:00:00;*;*;20/5/2021;AMAZONAS;Norte;*;*;4;25,085692
21/05/2021 00:00:00;*;*;21/5/2021;AMAZONAS;Norte;*;*;4;25,124596
22/05/2021 00:00:00;*;*;22/5/2021;AMAZONAS;Norte;*;*;4;24,794134
23/05/2021 00:00:00;*;*;23/5/2021;AMAZONAS;Norte;*;*;4;20,487876
24/05/2021 00:00:00;*;*;24/5/2021;AMAZONAS;Norte;*;*;4;24,532939
25/05/2021 00:00:00;*;*;25/5/2021;AMAZONAS;Norte;*;*;4;24,583325
26/05/2021 00:00:00;*;*;26/5/2021;AMAZONAS;Norte;*;*;4;24,725825
27/05/2021 00:00:00;*;*;27/5/2021;AMAZONAS;Norte;*;*;4;24,752843
28/05/2021 00:00:00;*;*;28/5/2021;AMAZONAS;Norte;*;*;4;25,027724
29/05/2021 00:00:00;*;*;29/5/2021;AMAZONAS;Norte;*;*;4;25,150822
30/05/2021 00:00:00;*;*;30/5/2021;AMAZONAS;Norte;*;*;4;23,331644
31/05/2021 00:00:00;*;*;31/5/2021;AMAZONAS;Norte;*;*;4;24,36052
01/06/2021 00:00:00;*;*;1/6/2021;AMAZONAS;Norte;*;*;4;22,408397
02/06/2021 00:00:00;*;*;2/6/2021;AMAZONAS;Norte;*;*;4;24,490846
03/06/2021 00:00:00;*;*;3/6/2021;AMAZONAS;Norte;*;*;4;25,384644
04/06/2021 00:00:00;*;*;4/6/2021;AMAZONAS;Norte;*;*;4;26,283818
05/06/2021 00:00:00;*;*;5/6/2021;AMAZONAS;Norte;*;*;4;25,23669
06/06/2021 00:00:00;*;*;6/6/2021;AMAZONAS;Norte;*;*;4;25,999123
07/06/2021 00:00:00;*;*;7/6/2021;AMAZONAS;Norte;*;*;4;25,739112
08/06/2021 00:00:00;*;*;8/6/2021;AMAZONAS;Norte;*;*;4;26,145476
09/06/2021 00:00:00;*;*;9/6/2021;AMAZONAS;Norte;*;*;4;26,056331
10/06/2021 00:00:00;*;*;10/6/2021;AMAZONAS;Norte;*;*;4;26,089686
11/06/2021 00:00:00;*;*;11/6/2021;AMAZONAS;Norte;*;*;4;26,111743
12/06/2021 00:00:00;*;*;12/6/2021;AMAZONAS;Norte;*;*;4;25,020766
13/06/2021 00:00:00;*;*;13/6/2021;AMAZONAS;Norte;*;*;4;24,217967
14/06/2021 00:00:00;*;*;14/6/2021;AMAZONAS;Norte;*;*;4;24,019264
15/06/2021 00:00:00;*;*;15/6/2021;AMAZONAS;Norte;*;*;4;25,13234
16/06/2021 00:00:00;*;*;16/6/2021;AMAZONAS;Norte;*;*;4;25,068985
17/06/2021 00:00:00;*;*;17/6/2021;AMAZONAS;Norte;*;*;4;25,720228
18/06/2021 00:00:00;*;*;18/6/2021;AMAZONAS;Norte;*;*;4;26,070853
19/06/2021 00:00:00;*;*;19/6/2021;AMAZONAS;Norte;*;*;4;24,158062
20/06/2021 00:00:00;*;*;20/6/2021;AMAZONAS;Norte;*;*;4;23,57286
21/06/2021 00:00:00;*;*;21/6/2021;AMAZONAS;Norte;*;*;4;25,317842
22/06/2021 00:00:00;*;*;22/6/2021;AMAZONAS;Norte;*;*;4;23,59825
23/06/2021 00:00:00;*;*;23/6/2021;AMAZONAS;Norte;*;*;4;26,261064
24/06/2021 00:00:00;*;*;24/6/2021;AMAZONAS;Norte;*;*;4;21,873045
25/06/2021 00:00:00;*;*;25/6/2021;AMAZONAS;Norte;*;*;4;24,587697
26/06/2021 00:00:00;*;*;26/6/2021;AMAZONAS;Norte;*;*;4;28,368907
27/06/2021 00:00:00;*;*;27/6/2021;AMAZONAS;Norte;*;*;4;26,465526
28/06/2021 00:00:00;*;*;28/6/2021;AMAZONAS;Norte;*;*;4;28,896851
29/06/2021 00:00:00;*;*;29/6/2021;AMAZONAS;Norte;*;*;4;28,758995
30/06/2021 00:00:00;*;*;30/6/2021;AMAZONAS;Norte;*;*;4;28,965368
01/07/2021 00:00:00;*;*;1/7/2021;AMAZONAS;Norte;*;*;4;28,977685
02/07/2021 00:00:00;*;*;2/7/2021;AMAZONAS;Norte;*;*;4;28,329011
03/07/2021 00:00:00;*;*;3/7/2021;AMAZONAS;Norte;*;*;4;26,191957
04/07/2021 00:00:00;*;*;4/7/2021;AMAZONAS;Norte;*;*;4;25,185521
05/07/2021 00:00:00;*;*;5/7/2021;AMAZONAS;Norte;*;*;4;27,976678
06/07/2021 00:00:00;*;*;6/7/2021;AMAZONAS;Norte;*;*;4;29,912472
07/07/2021 00:00:00;*;*;7/7/2021;AMAZONAS;Norte;*;*;4;28,717168
08/07/2021 00:00:00;*;*;8/7/2021;AMAZONAS;Norte;*;*;4;28,62163
09/07/2021 00:00:00;*;*;9/7/2021;AMAZONAS;Norte;*;*;4;28,762049
10/07/2021 00:00:00;*;*;10/7/2021;AMAZONAS;Norte;*;*;4;28,729092
11/07/2021 00:00:00;*;*;11/7/2021;AMAZONAS;Norte;*;*;4;28,876909
12/07/2021 00:00:00;*;*;12/7/2021;AMAZONAS;Norte;*;*;4;28,817467
13/07/2021 00:00:00;*;*;13/7/2021;AMAZONAS;Norte;*;*;4;29,328019
14/07/2021 00:00:00;*;*;14/7/2021;AMAZONAS;Norte;*;*;4;28,67397
15/07/2021 00:00:00;*;*;15/7/2021;AMAZONAS;Norte;*;*;4;28,940171
16/07/2021 00:00:00;*;*;16/7/2021;AMAZONAS;Norte;*;*;4;28,986744
17/07/2021 00:00:00;*;*;17/7/2021;AMAZONAS;Norte;*;*;4;30,556245
18/07/2021 00:00:00;*;*;18/7/2021;AMAZONAS;Norte;*;*;4;29,431022
19/07/2021 00:00:00;*;*;19/7/2021;AMAZONAS;Norte;*;*;4;28,918519
20/07/2021 00:00:00;*;*;20/7/2021;AMAZONAS;Norte;*;*;4;28,91049
21/07/2021 00:00:00;*;*;21/7/2021;AMAZONAS;Norte;*;*;4;28,647296
22/07/2021 00:00:00;*;*;22/7/2021;AMAZONAS;Norte;*;*;4;28,774096
23/07/2021 00:00:00;*;*;23/7/2021;AMAZONAS;Norte;*;*;4;29,023534
24/07/2021 00:00:00;*;*;24/7/2021;AMAZONAS;Norte;*;*;4;21,892259
25/07/2021 00:00:00;*;*;25/7/2021;AMAZONAS;Norte;*;*;4;24,650554
26/07/2021 00:00:00;*;*;26/7/2021;AMAZONAS;Norte;*;*;4;28,739505
27/07/2021 00:00:00;*;*;27/7/2021;AMAZONAS;Norte;*;*;4;29,003129
28/07/2021 00:00:00;*;*;28/7/2021;AMAZONAS;Norte;*;*;4;28,779091
29/07/2021 00:00:00;*;*;29/7/2021;AMAZONAS;Norte;*;*;4;28,217164
30/07/2021 00:00:00;*;*;30/7/2021;AMAZONAS;Norte;*;*;4;28,494226
31/07/2021 00:00:00;*;*;31/7/2021;AMAZONAS;Norte;*;*;4;28,408902
01/08/2021 00:00:00;*;*;1/8/2021;AMAZONAS;Norte;*;*;4;28,517708
02/08/2021 00:00:00;*;*;2/8/2021;AMAZONAS;Norte;*;*;4;28,68518
03/08/2021 00:00:00;*;*;3/8/2021;AMAZONAS;Norte;*;*;4;30,593401
04/08/2021 00:00:00;*;*;4/8/2021;AMAZONAS;Norte;*;*;4;30,331454
05/08/2021 00:00:00;*;*;5/8/2021;AMAZONAS;Norte;*;*;4;30,364641
06/08/2021 00:00:00;*;*;6/8/2021;AMAZONAS;Norte;*;*;4;29,783028
07/08/2021 00:00:00;*;*;7/8/2021;AMAZONAS;Norte;*;*;4;29,567201
08/08/2021 00:00:00;*;*;8/8/2021;AMAZONAS;Norte;*;*;4;28,639141
09/08/2021 00:00:00;*;*;9/8/2021;AMAZONAS;Norte;*;*;4;29,683208
10/08/2021 00:00:00;*;*;10/8/2021;AMAZONAS;Norte;*;*;4;30,150066
11/08/2021 00:00:00;*;*;11/8/2021;AMAZONAS;Norte;*;*;4;30,41494
12/08/2021 00:00:00;*;*;12/8/2021;AMAZONAS;Norte;*;*;4;30,420651
13/08/2021 00:00:00;*;*;13/8/2021;AMAZONAS;Norte;*;*;4;30,736477
14/08/2021 00:00:00;*;*;14/8/2021;AMAZONAS;Norte;*;*;4;29,821013
15/08/2021 00:00:00;*;*;15/8/2021;AMAZONAS;Norte;*;*;4;29,222712
16/08/2021 00:00:00;*;*;16/8/2021;AMAZONAS;Norte;*;*;4;29,33922
17/08/2021 00:00:00;*;*;17/8/2021;AMAZONAS;Norte;*;*;4;30,027497
18/08/2021 00:00:00;*;*;18/8/2021;AMAZONAS;Norte;*;*;4;29,934656
19/08/2021 00:00:00;*;*;19/8/2021;AMAZONAS;Norte;*;*;4;30,303495
20/08/2021 00:00:00;*;*;20/8/2021;AMAZONAS;Norte;*;*;4;30,243234
21/08/2021 00:00:00;*;*;21/8/2021;AMAZONAS;Norte;*;*;4;23,847657
22/08/2021 00:00:00;*;*;22/8/2021;AMAZONAS;Norte;*;*;4;24,696551
23/08/2021 00:00:00;*;*;23/8/2021;AMAZONAS;Norte;*;*;4;27,118468
24/08/2021 00:00:00;*;*;24/8/2021;AMAZONAS;Norte;*;*;4;27,136133
25/08/2021 00:00:00;*;*;25/8/2021;AMAZONAS;Norte;*;*;4;26,731849
26/08/2021 00:00:00;*;*;26/8/2021;AMAZONAS;Norte;*;*;4;26,666377
27/08/2021 00:00:00;*;*;27/8/2021;AMAZONAS;Norte;*;*;4;26,617743
28/08/2021 00:00:00;*;*;28/8/2021;AMAZONAS;Norte;*;*;4;27,134267
29/08/2021 00:00:00;*;*;29/8/2021;AMAZONAS;Norte;*;*;4;26,499983
30/08/2021 00:00:00;*;*;30/8/2021;AMAZONAS;Norte;*;*;4;28,126376
31/08/2021 00:00:00;*;*;31/8/2021;AMAZONAS;Norte;*;*;4;28,325913
01/09/2021 00:00:00;*;*;1/9/2021;AMAZONAS;Norte;*;*;4;28,180737
02/09/2021 00:00:00;*;*;2/9/2021;AMAZONAS;Norte;*;*;4;28,252073
03/09/2021 00:00:00;*;*;3/9/2021;AMAZONAS;Norte;*;*;4;28,069572
04/09/2021 00:00:00;*;*;4/9/2021;AMAZONAS;Norte;*;*;4;27,456967
05/09/2021 00:00:00;*;*;5/9/2021;AMAZONAS;Norte;*;*;4;26,448312
06/09/2021 00:00:00;*;*;6/9/2021;AMAZONAS;Norte;*;*;4;26,966746
07/09/2021 00:00:00;*;*;7/9/2021;AMAZONAS;Norte;*;*;4;27,015706
08/09/2021 00:00:00;*;*;8/9/2021;AMAZONAS;Norte;*;*;4;27,434482
09/09/2021 00:00:00;*;*;9/9/2021;AMAZONAS;Norte;*;*;4;26,772105
10/09/2021 00:00:00;*;*;10/9/2021;AMAZONAS;Norte;*;*;4;26,721372
11/09/2021 00:00:00;*;*;11/9/2021;AMAZONAS;Norte;*;*;4;27,037379
12/09/2021 00:00:00;*;*;12/9/2021;AMAZONAS;Norte;*;*;4;24,493372
13/09/2021 00:00:00;*;*;13/9/2021;AMAZONAS;Norte;*;*;4;27,0194
14/09/2021 00:00:00;*;*;14/9/2021;AMAZONAS;Norte;*;*;4;26,694318
15/09/2021 00:00:00;*;*;15/9/2021;AMAZONAS;Norte;*;*;4;27,136761
16/09/2021 00:00:00;*;*;16/9/2021;AMAZONAS;Norte;*;*;4;28,041323
17/09/2021 00:00:00;*;*;17/9/2021;AMAZONAS;Norte;*;*;4;28,107548
18/09/2021 00:00:00;*;*;18/9/2021;AMAZONAS;Norte;*;*;4;23,841031
19/09/2021 00:00:00;*;*;19/9/2021;AMAZONAS;Norte;*;*;4;23,276179
20/09/2021 00:00:00;*;*;20/9/2021;AMAZONAS;Norte;*;*;4;23,572144
21/09/2021 00:00:00;*;*;21/9/2021;AMAZONAS;Norte;*;*;4;25,554118
22/09/2021 00:00:00;*;*;22/9/2021;AMAZONAS;Norte;*;*;4;27,361304
23/09/2021 00:00:00;*;*;23/9/2021;AMAZONAS;Norte;*;*;4;27,187713
24/09/2021 00:00:00;*;*;24/9/2021;AMAZONAS;Norte;*;*;4;25,074927
25/09/2021 00:00:00;*;*;25/9/2021;AMAZONAS;Norte;*;*;4;25,685208
26/09/2021 00:00:00;*;*;26/9/2021;AMAZONAS;Norte;*;*;4;24,285812
27/09/2021 00:00:00;*;*;27/9/2021;AMAZONAS;Norte;*;*;4;25,566881
28/09/2021 00:00:00;*;*;28/9/2021;AMAZONAS;Norte;*;*;4;25,621539
29/09/2021 00:00:00;*;*;29/9/2021;AMAZONAS;Norte;*;*;4;25,59359
30/09/2021 00:00:00;*;*;30/9/2021;AMAZONAS;Norte;*;*;4;22,466073
01/10/2021 00:00:00;*;*;1/10/2021;AMAZONAS;Norte;*;*;4;26,148707
02/10/2021 00:00:00;*;*;2/10/2021;AMAZONAS;Norte;*;*;4;21,93869
03/10/2021 00:00:00;*;*;3/10/2021;AMAZONAS;Norte;*;*;4;20,200572
04/10/2021 00:00:00;*;*;4/10/2021;AMAZONAS;Norte;*;*;4;21,819966
05/10/2021 00:00:00;*;*;5/10/2021;AMAZONAS;Norte;*;*;4;23,14812
06/10/2021 00:00:00;*;*;6/10/2021;AMAZONAS;Norte;*;*;4;26,030742
07/10/2021 00:00:00;*;*;7/10/2021;AMAZONAS;Norte;*;*;4;23,609967
08/10/2021 00:00:00;*;*;8/10/2021;AMAZONAS;Norte;*;*;4;26,374461
09/10/2021 00:00:00;*;*;9/10/2021;AMAZONAS;Norte;*;*;4;28,575979
10/10/2021 00:00:00;*;*;10/10/2021;AMAZONAS;Norte;*;*;4;27,097972
11/10/2021 00:00:00;*;*;11/10/2021;AMAZONAS;Norte;*;*;4;28,143214
12/10/2021 00:00:00;*;*;12/10/2021;AMAZONAS;Norte;*;*;4;28,438315
13/10/2021 00:00:00;*;*;13/10/2021;AMAZONAS;Norte;*;*;4;29,000375
14/10/2021 00:00:00;*;*;14/10/2021;AMAZONAS;Norte;*;*;4;29,044525
15/10/2021 00:00:00;*;*;15/10/2021;AMAZONAS;Norte;*;*;4;28,661109
16/10/2021 00:00:00;*;*;16/10/2021;AMAZONAS;Norte;*;*;4;28,363216
17/10/2021 00:00:00;*;*;17/10/2021;AMAZONAS;Norte;*;*;4;27,121159
18/10/2021 00:00:00;*;*;18/10/2021;AMAZONAS;Norte;*;*;4;29,58932
19/10/2021 00:00:00;*;*;19/10/2021;AMAZONAS;Norte;*;*;4;29,300834
20/10/2021 00:00:00;*;*;20/10/2021;AMAZONAS;Norte;*;*;4;29,229894
21/10/2021 00:00:00;*;*;21/10/2021;AMAZONAS;Norte;*;*;4;29,349305
22/10/2021 00:00:00;*;*;22/10/2021;AMAZONAS;Norte;*;*;4;29,483013
23/10/2021 00:00:00;*;*;23/10/2021;AMAZONAS;Norte;*;*;4;28,61415
24/10/2021 00:00:00;*;*;24/10/2021;AMAZONAS;Norte;*;*;4;27,061795
25/10/2021 00:00:00;*;*;25/10/2021;AMAZONAS;Norte;*;*;4;28,33639
26/10/2021 00:00:00;*;*;26/10/2021;AMAZONAS;Norte;*;*;4;28,312254
27/10/2021 00:00:00;*;*;27/10/2021;AMAZONAS;Norte;*;*;4;28,106268
28/10/2021 00:00:00;*;*;28/10/2021;AMAZONAS;Norte;*;*;4;26,488652
29/10/2021 00:00:00;*;*;29/10/2021;AMAZONAS;Norte;*;*;4;27,76935
30/10/2021 00:00:00;*;*;30/10/2021;AMAZONAS;Norte;*;*;4;26,335388
31/10/2021 00:00:00;*;*;31/10/2021;AMAZONAS;Norte;*;*;4;26,661702
01/11/2021 00:00:00;*;*;1/11/2021;AMAZONAS;Norte;*;*;4;28,354347
02/11/2021 00:00:00;*;*;2/11/2021;AMAZONAS;Norte;*;*;4;28,231204
03/11/2021 00:00:00;*;*;3/11/2021;AMAZONAS;Norte;*;*;4;29,246233
04/11/2021 00:00:00;*;*;4/11/2021;AMAZONAS;Norte;*;*;4;30,397736
05/11/2021 00:00:00;*;*;5/11/2021;AMAZONAS;Norte;*;*;4;29,650116
06/11/2021 00:00:00;*;*;6/11/2021;AMAZONAS;Norte;*;*;4;30,624156
07/11/2021 00:00:00;*;*;7/11/2021;AMAZONAS;Norte;*;*;4;26,922115
08/11/2021 00:00:00;*;*;8/11/2021;AMAZONAS;Norte;*;*;4;30,103053
09/11/2021 00:00:00;*;*;9/11/2021;AMAZONAS;Norte;*;*;4;29,29461
10/11/2021 00:00:00;*;*;10/11/2021;AMAZONAS;Norte;*;*;4;29,225342
11/11/2021 00:00:00;*;*;11/11/2021;AMAZONAS;Norte;*;*;4;30,36506
12/11/2021 00:00:00;*;*;12/11/2021;AMAZONAS;Norte;*;*;4;30,044247
13/11/2021 00:00:00;*;*;13/11/2021;AMAZONAS;Norte;*;*;4;30,358853
14/11/2021 00:00:00;*;*;14/11/2021;AMAZONAS;Norte;*;*;4;28,251287
15/11/2021 00:00:00;*;*;15/11/2021;AMAZONAS;Norte;*;*;4;29,685297
16/11/2021 00:00:00;*;*;16/11/2021;AMAZONAS;Norte;*;*;4;30,078636
17/11/2021 00:00:00;*;*;17/11/2021;AMAZONAS;Norte;*;*;4;30,299484
18/11/2021 00:00:00;*;*;18/11/2021;AMAZONAS;Norte;*;*;4;30,141613
19/11/2021 00:00:00;*;*;19/11/2021;AMAZONAS;Norte;*;*;4;29,562873
20/11/2021 00:00:00;*;*;20/11/2021;AMAZONAS;Norte;*;*;4;29,913904
21/11/2021 00:00:00;*;*;21/11/2021;AMAZONAS;Norte;*;*;4;27,741706
22/11/2021 00:00:00;*;*;22/11/2021;AMAZONAS;Norte;*;*;4;29,681267
23/11/2021 00:00:00;*;*;23/11/2021;AMAZONAS;Norte;*;*;4;28,970383
24/11/2021 00:00:00;*;*;24/11/2021;AMAZONAS;Norte;*;*;4;24,472482
25/11/2021 00:00:00;*;*;25/11/2021;AMAZONAS;Norte;*;*;4;29,507726
26/11/2021 00:00:00;*;*;26/11/2021;AMAZONAS;Norte;*;*;4;29,944548
27/11/2021 00:00:00;*;*;27/11/2021;AMAZONAS;Norte;*;*;4;28,235968
28/11/2021 00:00:00;*;*;28/11/2021;AMAZONAS;Norte;*;*;4;28,315372
29/11/2021 00:00:00;*;*;29/11/2021;AMAZONAS;Norte;*;*;4;28,550106
30/11/2021 00:00:00;*;*;30/11/2021;AMAZONAS;Norte;*;*;4;27,908241
01/12/2021 00:00:00;*;*;1/12/2021;AMAZONAS;Norte;*;*;4;27,909864
02/12/2021 00:00:00;*;*;2/12/2021;AMAZONAS;Norte;*;*;4;28,394132
03/12/2021 00:00:00;*;*;3/12/2021;AMAZONAS;Norte;*;*;4;28,297838
04/12/2021 00:00:00;*;*;4/12/2021;AMAZONAS;Norte;*;*;4;28,477318
05/12/2021 00:00:00;*;*;5/12/2021;AMAZONAS;Norte;*;*;4;22,301147
06/12/2021 00:00:00;*;*;6/12/2021;AMAZONAS;Norte;*;*;4;28,272522
07/12/2021 00:00:00;*;*;7/12/2021;AMAZONAS;Norte;*;*;4;28,372406
08/12/2021 00:00:00;*;*;8/12/2021;AMAZONAS;Norte;*;*;4;28,284889
09/12/2021 00:00:00;*;*;9/12/2021;AMAZONAS;Norte;*;*;4;27,926775
10/12/2021 00:00:00;*;*;10/12/2021;AMAZONAS;Norte;*;*;4;27,979277
11/12/2021 00:00:00;*;*;11/12/2021;AMAZONAS;Norte;*;*;4;28,394692
12/12/2021 00:00:00;*;*;12/12/2021;AMAZONAS;Norte;*;*;4;20,203957
13/12/2021 00:00:00;*;*;13/12/2021;AMAZONAS;Norte;*;*;4;19,638863
14/12/2021 00:00:00;*;*;14/12/2021;AMAZONAS;Norte;*;*;4;23,239156
15/12/2021 00:00:00;*;*;15/12/2021;AMAZONAS;Norte;*;*;4;26,533446
16/12/2021 00:00:00;*;*;16/12/2021;AMAZONAS;Norte;*;*;4;26,749136
17/12/2021 00:00:00;*;*;17/12/2021;AMAZONAS;Norte;*;*;4;27,69893
18/12/2021 00:00:00;*;*;18/12/2021;AMAZONAS;Norte;*;*;4;23,67301
19/12/2021 00:00:00;*;*;19/12/2021;AMAZONAS;Norte;*;*;4;18,584675
20/12/2021 00:00:00;*;*;20/12/2021;AMAZONAS;Norte;*;*;4;22,364811
21/12/2021 00:00:00;*;*;21/12/2021;AMAZONAS;Norte;*;*;4;21,673444
22/12/2021 00:00:00;*;*;22/12/2021;AMAZONAS;Norte;*;*;4;23,548065
23/12/2021 00:00:00;*;*;23/12/2021;AMAZONAS;Norte;*;*;4;24,359339
24/12/2021 00:00:00;*;*;24/12/2021;AMAZONAS;Norte;*;*;4;21,541523
25/12/2021 00:00:00;*;*;25/12/2021;AMAZONAS;Norte;*;*;4;19,860444
26/12/2021 00:00:00;*;*;26/12/2021;AMAZONAS;Norte;*;*;4;17,592541
27/12/2021 00:00:00;*;*;27/12/2021;AMAZONAS;Norte;*;*;4;21,742712
28/12/2021 00:00:00;*;*;28/12/2021;AMAZONAS;Norte;*;*;4;17,41888
29/12/2021 00:00:00;*;*;29/12/2021;AMAZONAS;Norte;*;*;4;16,949582
30/12/2021 00:00:00;*;*;30/12/2021;AMAZONAS;Norte;*;*;4;17,836814
31/12/2021 00:00:00;*;*;31/12/2021;AMAZONAS;Norte;*;*;4;19,155768
